/*
 Navicat Premium Data Transfer

 Source Server         : LAPTOP
 Source Server Type    : MySQL
 Source Server Version : 50729
 Source Host           : 192.168.1.102:15700
 Source Schema         : adm

 Target Server Type    : MySQL
 Target Server Version : 50729
 File Encoding         : 65001

 Date: 25/02/2020 13:01:48
*/

SET NAMES utf8mb4;
SET FOREIGN_KEY_CHECKS = 0;

-- ----------------------------
-- Table structure for Attendance
-- ----------------------------
DROP TABLE IF EXISTS `Attendance`;
CREATE TABLE `Attendance`  (
  `ID` int(11) NOT NULL AUTO_INCREMENT,
  `Date` datetime(0) NULL DEFAULT NULL,
  `Member_No` int(11) NULL DEFAULT NULL,
  `Amount` double(11, 0) NULL DEFAULT NULL,
  PRIMARY KEY (`ID`) USING BTREE,
  UNIQUE INDEX `Member_No`(`Member_No`) USING BTREE,
  INDEX `Amount`(`Amount`) USING BTREE,
  CONSTRAINT `Attendance_ibfk_1` FOREIGN KEY (`Member_No`) REFERENCES `Register` (`TSC_No`) ON DELETE RESTRICT ON UPDATE RESTRICT
) ENGINE = InnoDB AUTO_INCREMENT = 3 CHARACTER SET = latin1 COLLATE = latin1_swedish_ci ROW_FORMAT = Dynamic;

-- ----------------------------
-- Table structure for Company
-- ----------------------------
DROP TABLE IF EXISTS `Company`;
CREATE TABLE `Company`  (
  `ID` int(11) NOT NULL AUTO_INCREMENT,
  `CompanyName` varchar(255) CHARACTER SET latin1 COLLATE latin1_swedish_ci NULL DEFAULT NULL,
  `Address` varchar(255) CHARACTER SET latin1 COLLATE latin1_swedish_ci NULL DEFAULT NULL,
  `Phone` varchar(255) CHARACTER SET latin1 COLLATE latin1_swedish_ci NULL DEFAULT NULL,
  PRIMARY KEY (`ID`) USING BTREE
) ENGINE = InnoDB AUTO_INCREMENT = 2 CHARACTER SET = latin1 COLLATE = latin1_swedish_ci ROW_FORMAT = Dynamic;

-- ----------------------------
-- Records of Company
-- ----------------------------
INSERT INTO `Company` VALUES (1, 'TRANS ELITE COUNTY SACCO LTD', 'P.O.BOX 547 KAPSABET', '254 535252103');

-- ----------------------------
-- Table structure for Division
-- ----------------------------
DROP TABLE IF EXISTS `Division`;
CREATE TABLE `Division`  (
  `ID` int(11) NOT NULL AUTO_INCREMENT,
  `DivisionName` varchar(255) CHARACTER SET latin1 COLLATE latin1_swedish_ci NULL DEFAULT NULL,
  PRIMARY KEY (`ID`) USING BTREE
) ENGINE = InnoDB AUTO_INCREMENT = 13 CHARACTER SET = latin1 COLLATE = latin1_swedish_ci ROW_FORMAT = Dynamic;

-- ----------------------------
-- Records of Division
-- ----------------------------
INSERT INTO `Division` VALUES (1, 'EMGWEN');
INSERT INTO `Division` VALUES (2, 'NANDI HILLS');
INSERT INTO `Division` VALUES (3, 'TINDERET');
INSERT INTO `Division` VALUES (4, 'KOSIRAI');
INSERT INTO `Division` VALUES (5, 'KOBUJOI');
INSERT INTO `Division` VALUES (6, 'KIPKAREN');
INSERT INTO `Division` VALUES (7, 'KILIBWONI');
INSERT INTO `Division` VALUES (8, 'KAPTUMO');
INSERT INTO `Division` VALUES (9, 'KABIYET');
INSERT INTO `Division` VALUES (11, 'Not Provided');
INSERT INTO `Division` VALUES (12, 'KEMELOI');

-- ----------------------------
-- Table structure for Expense
-- ----------------------------
DROP TABLE IF EXISTS `Expense`;
CREATE TABLE `Expense`  (
  `ID` int(11) NOT NULL AUTO_INCREMENT,
  `Date` date NULL DEFAULT NULL,
  `Narration` varchar(255) CHARACTER SET latin1 COLLATE latin1_swedish_ci NULL DEFAULT NULL,
  `Amount` decimal(8, 2) NULL DEFAULT NULL,
  PRIMARY KEY (`ID`) USING BTREE
) ENGINE = InnoDB AUTO_INCREMENT = 2 CHARACTER SET = latin1 COLLATE = latin1_swedish_ci ROW_FORMAT = Dynamic;

-- ----------------------------
-- Records of Expense
-- ----------------------------
INSERT INTO `Expense` VALUES (1, '2020-02-13', 'OPENNERS', 200.00);

-- ----------------------------
-- Table structure for Rate
-- ----------------------------
DROP TABLE IF EXISTS `Rate`;
CREATE TABLE `Rate`  (
  `ID` int(11) NOT NULL AUTO_INCREMENT,
  `Amount` double(11, 0) NULL DEFAULT NULL,
  `Year` int(4) NULL DEFAULT NULL,
  PRIMARY KEY (`ID`) USING BTREE,
  UNIQUE INDEX `Year`(`Year`) USING BTREE,
  INDEX `Amount`(`Amount`) USING BTREE
) ENGINE = InnoDB AUTO_INCREMENT = 2 CHARACTER SET = latin1 COLLATE = latin1_swedish_ci ROW_FORMAT = Dynamic;

-- ----------------------------
-- Records of Rate
-- ----------------------------
INSERT INTO `Rate` VALUES (1, 1000, 2020);

-- ----------------------------
-- Table structure for Register
-- ----------------------------
DROP TABLE IF EXISTS `Register`;
CREATE TABLE `Register`  (
  `ID` int(11) NOT NULL AUTO_INCREMENT,
  `TSC_No` int(11) NULL DEFAULT NULL,
  `ID_Number` int(11) NOT NULL,
  `Name` varchar(255) CHARACTER SET latin1 COLLATE latin1_swedish_ci NULL DEFAULT NULL,
  `Phone` varchar(255) CHARACTER SET latin1 COLLATE latin1_swedish_ci NULL DEFAULT '0',
  `Division_ID` int(11) NULL DEFAULT NULL,
  `Status` int(11) NULL DEFAULT NULL,
  PRIMARY KEY (`ID`) USING BTREE,
  UNIQUE INDEX `ID_Number`(`ID_Number`) USING BTREE,
  UNIQUE INDEX `TSC_No`(`TSC_No`) USING BTREE,
  INDEX `Status`(`Status`) USING BTREE,
  INDEX `Register_ibfk_3`(`Division_ID`) USING BTREE,
  CONSTRAINT `Register_ibfk_3` FOREIGN KEY (`Division_ID`) REFERENCES `Division` (`ID`) ON DELETE CASCADE ON UPDATE CASCADE,
  CONSTRAINT `Register_ibfk_5` FOREIGN KEY (`Status`) REFERENCES `Status_Code` (`Status_Code`) ON DELETE CASCADE ON UPDATE CASCADE
) ENGINE = InnoDB AUTO_INCREMENT = 572 CHARACTER SET = latin1 COLLATE = latin1_swedish_ci ROW_FORMAT = Dynamic;

-- ----------------------------
-- Records of Register
-- ----------------------------
INSERT INTO `Register` VALUES (2, 126090, 6002977, 'JOHN KIPKEMOI', '254720646978', 3, 10);
INSERT INTO `Register` VALUES (3, 129673, 1798537, 'MARK SEREM', '254713061877', 4, 10);
INSERT INTO `Register` VALUES (4, 132993, 770679, 'LAZARUS TANUI', '254726492651', 4, 10);
INSERT INTO `Register` VALUES (5, 138561, 5220464, 'LINUS KIPLAGAT RONOH', '254721762747', 3, 10);
INSERT INTO `Register` VALUES (6, 138583, 5606985, 'WILLIAM KOECH', '254715790205', 1, 10);
INSERT INTO `Register` VALUES (7, 139688, 1322698, 'DAVID KOSGEI', '254722942431', 2, 10);
INSERT INTO `Register` VALUES (8, 145984, 1250670, 'DINAH JEPTUM BITOK', '254723044602', 1, 10);
INSERT INTO `Register` VALUES (9, 149808, 3445081, 'KENNEDY KIPRONO KALYA', '0', 1, 10);
INSERT INTO `Register` VALUES (10, 150015, 1250092, 'JULIUS BUNEI', '254723642550', 1, 10);
INSERT INTO `Register` VALUES (11, 150212, 1245094, 'JACKSON R KIPLIMO', '254723576284', 1, 10);
INSERT INTO `Register` VALUES (12, 150978, 770038, 'SAMMY KIPKOECH RONO', '254726626362', 5, 10);
INSERT INTO `Register` VALUES (13, 151157, 1244663, 'NICHOLAS BWAMBOK', '0', 1, 10);
INSERT INTO `Register` VALUES (14, 151163, 286843, 'Choge Philiph', '254725051159', 1, 10);
INSERT INTO `Register` VALUES (15, 151171, 3264558, 'Elijah Kipkorir Rono', '254724603649', 2, 10);
INSERT INTO `Register` VALUES (16, 153484, 457541, 'JOHN KOECH', '254723877267', 5, 10);
INSERT INTO `Register` VALUES (17, 154505, 1800102, 'KIMUTAI TURGUT', '254711645858', 3, 10);
INSERT INTO `Register` VALUES (18, 155558, 1447504, 'SELINA J MURREY', '254726834991', 4, 10);
INSERT INTO `Register` VALUES (19, 155630, 456447, 'Henry Kibiego Tarus', '254721730148', 4, 10);
INSERT INTO `Register` VALUES (20, 155662, 3445574, 'MONICA J BORE', '254723148880', 7, 10);
INSERT INTO `Register` VALUES (21, 157986, 234640, 'KIBIRECH JACKSON', '254723395986', 4, 10);
INSERT INTO `Register` VALUES (22, 160265, 448282, 'NIXON KOECH', '254700275001', 7, 10);
INSERT INTO `Register` VALUES (23, 160323, 448217, 'ANGELINE KIPRONO', '254720862392', 2, 10);
INSERT INTO `Register` VALUES (24, 160376, 448883, 'Jael J   BARNO', '254720106166', 6, 10);
INSERT INTO `Register` VALUES (25, 161254, 4004867, 'BEN ROP ', '254726763248', 1, 10);
INSERT INTO `Register` VALUES (26, 161268, 3445009, 'MAURICE KEMBOI', '254790095199', 7, 10);
INSERT INTO `Register` VALUES (27, 165274, 3271534, 'ROTICH KIMISIK', '254721936108', 7, 10);
INSERT INTO `Register` VALUES (28, 165479, 4150102, 'PETER TUM', '254724588141', 2, 10);
INSERT INTO `Register` VALUES (29, 166271, 1220616, 'KIPCHOGE KARONEI', '254724469219', 1, 10);
INSERT INTO `Register` VALUES (30, 170880, 3290254, 'KEMBOI ISAAC', '254721468822', 7, 10);
INSERT INTO `Register` VALUES (31, 170914, 3291033, 'TECLA JEBOTIB', '254728144433', 7, 10);
INSERT INTO `Register` VALUES (32, 173335, 1244729, 'KEINO KIPRUGUT', '254723419072', 1, 10);
INSERT INTO `Register` VALUES (33, 173338, 1811331, 'JONATHAN MAGUT', '254726131454', 1, 10);
INSERT INTO `Register` VALUES (34, 173390, 3257920, 'KIPKOECH MATHEW', '254729090930', 6, 10);
INSERT INTO `Register` VALUES (35, 175821, 1801527, 'Kipkoech Rotich', '254729020707', 3, 10);
INSERT INTO `Register` VALUES (36, 176093, 3289859, 'HENRY BICHIY', '254722392226', 6, 10);
INSERT INTO `Register` VALUES (37, 176095, 1221079, 'Josphat Lelaimooi Sang', '254720694533', 2, 10);
INSERT INTO `Register` VALUES (38, 176415, 1221017, 'RONALD TUM', '254721751641', 8, 10);
INSERT INTO `Register` VALUES (39, 176447, 1245754, 'SOLOMON TIROP', '254719184527', 1, 10);
INSERT INTO `Register` VALUES (40, 177206, 1249872, 'MUIGEI MARY JEPKEMEI', '254721832113', 4, 10);
INSERT INTO `Register` VALUES (41, 179202, 3289945, 'ALFRED NGETUNY', '254724759941', 7, 10);
INSERT INTO `Register` VALUES (42, 180205, 335319, 'PHILLIP K   TARUS', '254729341273', 5, 10);
INSERT INTO `Register` VALUES (43, 180219, 6222940, 'ELIZABETH BOR', '254723432172', 6, 10);
INSERT INTO `Register` VALUES (44, 180226, 1221891, 'PAUL KIPSANG KOROS', '254727501753', 7, 10);
INSERT INTO `Register` VALUES (45, 180466, 3264382, 'JOEL KIRUI', '254720129360', 8, 10);
INSERT INTO `Register` VALUES (46, 181233, 1251409, 'THOMAS KIPLETING', '254724602681', 1, 10);
INSERT INTO `Register` VALUES (47, 182541, 1441791, 'RUTTO NEHEMIAH', '254723829525', 5, 10);
INSERT INTO `Register` VALUES (48, 183370, 3284035, 'SYLVESTER B KIRWA', '254724788655', 5, 10);
INSERT INTO `Register` VALUES (49, 183652, 1780717, 'EMMY KAVERE CHEMAI', '254726923541', 7, 10);
INSERT INTO `Register` VALUES (50, 188679, 5594885, 'PAUL KIRWA CHEPKWONY', '254712177981', 2, 10);
INSERT INTO `Register` VALUES (51, 189358, 5606151, 'JOHN KIPKETER LEL', '254729217672', 4, 10);
INSERT INTO `Register` VALUES (52, 197059, 334620, 'JANE KAMAR', '254713520189', 1, 10);
INSERT INTO `Register` VALUES (53, 197126, 448419, 'REUBEN NGETICH', '254725714720', 4, 10);
INSERT INTO `Register` VALUES (54, 197135, 5606154, 'MESHACK SEREM', '254725439914', 4, 10);
INSERT INTO `Register` VALUES (55, 197154, 3265644, 'PAUL KEMBOI', '254727120441', 8, 10);
INSERT INTO `Register` VALUES (56, 197168, 5596253, 'SUSAN CHEPCHUMBA', '254720583039', 1, 10);
INSERT INTO `Register` VALUES (57, 201797, 3275626, 'SAMMY IRATSIA', '254720859970', 1, 10);
INSERT INTO `Register` VALUES (58, 202089, 5612130, 'WILLIAM TARUS', '254722147909', 6, 10);
INSERT INTO `Register` VALUES (59, 202339, 1220716, 'ROSEBELLA KIRONGO', '254720755086', 2, 10);
INSERT INTO `Register` VALUES (60, 202340, 3251730, 'TERTIUS BIRECH', '254723995364', 9, 10);
INSERT INTO `Register` VALUES (61, 202398, 3289488, 'KOGO KIPLANGAT', '254727923554', 7, 10);
INSERT INTO `Register` VALUES (62, 202735, 4001331, 'KOSGEI EMMANUEL', '254720749399', 6, 10);
INSERT INTO `Register` VALUES (63, 210426, 3998016, 'MILKA SAWE', '254729875669', 4, 10);
INSERT INTO `Register` VALUES (64, 210599, 3449011, 'PETER KURGAT', '254720360977', 9, 10);
INSERT INTO `Register` VALUES (65, 211050, 737225, 'BWOBURU MOHAMED', '254720579611', 3, 10);
INSERT INTO `Register` VALUES (66, 211277, 3870141, 'SIMION NGENY', '254728159252', 5, 10);
INSERT INTO `Register` VALUES (67, 211486, 3289947, 'JULIUS SAINA', '254725736665', 7, 10);
INSERT INTO `Register` VALUES (68, 211488, 457418, 'KIPCHOGE SAINA', '254724364412', 1, 10);
INSERT INTO `Register` VALUES (69, 211492, 1221812, 'PAUL TUWEI', '254705709696', 6, 10);
INSERT INTO `Register` VALUES (70, 211916, 1221129, 'MUSA KARAN', '254727031846', 5, 10);
INSERT INTO `Register` VALUES (71, 211937, 3290181, 'ERNEST MURSOI', '254724364544', 7, 10);
INSERT INTO `Register` VALUES (73, 212507, 4007452, 'DANIEL KEINO', '254702969668', 8, 10);
INSERT INTO `Register` VALUES (74, 212616, 1221124, 'FREDRICH CHEPSIROR', '254723797579', 1, 10);
INSERT INTO `Register` VALUES (75, 212658, 447103, 'JOSEPH BOGONG', '254702206489', 1, 10);
INSERT INTO `Register` VALUES (76, 217172, 3998061, 'NAOMI CHERUIYOT', '0', 4, 10);
INSERT INTO `Register` VALUES (77, 217214, 3285762, 'PHILIP KIPCHUMBA', '254724517555', 5, 10);
INSERT INTO `Register` VALUES (78, 217217, 3277325, 'JOASH KESBAI', '254704496478', 5, 10);
INSERT INTO `Register` VALUES (79, 217224, 3999334, 'KIPKEMBOI TOO', '254716427681', 1, 10);
INSERT INTO `Register` VALUES (80, 217264, 3277085, 'JOHN KOECH', '254728688131', 8, 10);
INSERT INTO `Register` VALUES (81, 217265, 3269289, 'JAMES SAWE', '254714405269', 5, 10);
INSERT INTO `Register` VALUES (82, 217276, 5589479, 'CHRISTOPHER BIWOTT', '254720491822', 9, 10);
INSERT INTO `Register` VALUES (83, 217300, 3290397, 'FREDRICK KOSGEI', '254720223415', 7, 10);
INSERT INTO `Register` VALUES (84, 217313, 6874293, 'JULIUS BIRIR', '254723451996', 7, 10);
INSERT INTO `Register` VALUES (85, 217343, 7164083, 'DAVID KIMETO', '0', 3, 10);
INSERT INTO `Register` VALUES (86, 217370, 3276828, 'Chirchir KIPTOO', '254722598013', 5, 10);
INSERT INTO `Register` VALUES (87, 217398, 5999855, 'ELISHA SAWE', '254721447625', 6, 10);
INSERT INTO `Register` VALUES (88, 217404, 3254094, 'PAULINE SANG', '254722696303', 9, 10);
INSERT INTO `Register` VALUES (89, 218558, 3249346, 'KIPTOO TUWEI', '254720264854', 6, 10);
INSERT INTO `Register` VALUES (91, 225008, 5604070, 'TANUI RICHARD', '254728462415', 9, 10);
INSERT INTO `Register` VALUES (92, 225180, 3246773, 'SHADRACK TEIGONG', '254722425576', 9, 10);
INSERT INTO `Register` VALUES (93, 225183, 772485, 'PAUL SANG', '254726800993', 2, 10);
INSERT INTO `Register` VALUES (94, 227047, 6431583, 'ALEX C SINGEN', '0', 2, 10);
INSERT INTO `Register` VALUES (95, 227071, 227071, 'TITUS MEMBER', '0', 11, 10);
INSERT INTO `Register` VALUES (96, 229663, 3290631, 'JOHN ROTICH', '254700297614', 7, 10);
INSERT INTO `Register` VALUES (97, 230320, 6435088, 'Yator David', '254724348481', 3, 10);
INSERT INTO `Register` VALUES (98, 404686, 14692919, 'KIMAIYO SINGOEI', '254728991925', 2, 10);
INSERT INTO `Register` VALUES (99, 230630, 6297813, 'STANLEY MAITSI', '254713378901', 5, 10);
INSERT INTO `Register` VALUES (100, 230967, 7374088, 'JOSHUA BUTIA', '254724204746', 1, 10);
INSERT INTO `Register` VALUES (101, 232464, 3277088, 'PIUS KOSGEI', '254727291534', 11, 10);
INSERT INTO `Register` VALUES (102, 233520, 3254973, 'ESPHON SAMOEI', '254722284432', 9, 10);
INSERT INTO `Register` VALUES (103, 233701, 5611548, 'HILLARY KITUR', '254734551995', 11, 10);
INSERT INTO `Register` VALUES (104, 233754, 5597240, 'TITUS KIMOSBEI', '254716093191', 9, 10);
INSERT INTO `Register` VALUES (105, 233765, 4002080, 'SILVESTER BITOK', '254710326049', 7, 10);
INSERT INTO `Register` VALUES (106, 234347, 3276942, 'DAVID BITOK', '254720873518', 5, 10);
INSERT INTO `Register` VALUES (107, 234348, 5574920, 'JONAH KEMEI', '254724839860', 6, 10);
INSERT INTO `Register` VALUES (108, 234620, 1175782, 'CHARLES CHIRCHIR', '254710819815', 5, 10);
INSERT INTO `Register` VALUES (109, 234818, 932904, 'BETTY KOECH', '254721780827', 5, 10);
INSERT INTO `Register` VALUES (110, 234927, 3445723, 'EUNICE KIGEN', '254724150918', 1, 10);
INSERT INTO `Register` VALUES (111, 234935, 1220723, 'THOMAS YEGO', '254713258720', 1, 10);
INSERT INTO `Register` VALUES (112, 236175, 277376, 'JOHN CHELUGET SONGOL', '254725499007', 2, 10);
INSERT INTO `Register` VALUES (113, 237270, 6222832, 'JAMEN LAGAT', '254725998813', 2, 10);
INSERT INTO `Register` VALUES (114, 237283, 3286986, 'MATHEW NGENY', '254725527543', 1, 10);
INSERT INTO `Register` VALUES (115, 237286, 3287383, 'PHILIP LIMO', '254725580239', 5, 10);
INSERT INTO `Register` VALUES (116, 238234, 16073996, 'ROBERT ROTICH', '254723828795', 5, 10);
INSERT INTO `Register` VALUES (117, 240851, 4004101, 'JACOB KIRWA', '254722150368', 8, 10);
INSERT INTO `Register` VALUES (118, 241568, 5617689, 'TERESA KORIR', '254702857070', 1, 10);
INSERT INTO `Register` VALUES (119, 241614, 8591119, 'PHILIP LELEI', '254722365657', 11, 10);
INSERT INTO `Register` VALUES (120, 242627, 8590510, 'SANG KISIRGONG', '254723653460', 3, 10);
INSERT INTO `Register` VALUES (121, 242643, 8079215, 'ELIMINA OMBUDU', '254720315844', 3, 10);
INSERT INTO `Register` VALUES (122, 242645, 8715807, 'PAUL K KETER', '254722433563', 6, 10);
INSERT INTO `Register` VALUES (123, 243997, 5571759, 'DAVID INYANJE', '254725361781', 5, 10);
INSERT INTO `Register` VALUES (124, 244492, 8715948, 'AUGUSTINE KOSGEI', '254715245519', 2, 10);
INSERT INTO `Register` VALUES (125, 244506, 7169241, 'CHRISTOPHER ROP', '254724143030', 2, 10);
INSERT INTO `Register` VALUES (126, 245638, 3246807, 'PHILIP MOROGO', '254726417997', 9, 10);
INSERT INTO `Register` VALUES (127, 246149, 5583456, 'SAMUEL MELI', '254720963723', 4, 10);
INSERT INTO `Register` VALUES (128, 246157, 5586680, 'GEORGE KAVAZIKA', '254724819178', 5, 10);
INSERT INTO `Register` VALUES (129, 246158, 8591960, 'ELIZABA JEMUTAI', '254723664562', 4, 10);
INSERT INTO `Register` VALUES (130, 246179, 6664361, 'SAMUEL TARUS', '254722932646', 11, 10);
INSERT INTO `Register` VALUES (131, 246187, 7103591, 'BEN MACHII', '254721418764', 3, 10);
INSERT INTO `Register` VALUES (132, 246190, 8968523, 'KENETH KIRUI', '254721852413', 3, 10);
INSERT INTO `Register` VALUES (133, 246270, 5571707, 'Naftali Sang', '254712532903', 5, 10);
INSERT INTO `Register` VALUES (134, 246272, 8590512, 'JOEL KEMEI', '254722286533', 3, 10);
INSERT INTO `Register` VALUES (135, 246902, 4025382, 'BARNABA LAGAT', '254721883819', 4, 10);
INSERT INTO `Register` VALUES (136, 247413, 8591797, 'DANIEL TARUS', '254726733799', 9, 10);
INSERT INTO `Register` VALUES (137, 248722, 8590585, 'DAVID KIPLAGAT', '254722407618', 5, 10);
INSERT INTO `Register` VALUES (138, 248916, 6665700, 'LENA TIONY', '254729452570', 11, 10);
INSERT INTO `Register` VALUES (139, 248979, 3816730, 'EUNICE YEGO', '254720574001', 9, 10);
INSERT INTO `Register` VALUES (140, 249212, 3269329, 'CHRISTOPHER KIRUI', '254727689198', 8, 10);
INSERT INTO `Register` VALUES (141, 249637, 5597563, 'BARNABAS RONO', '254721948674', 4, 10);
INSERT INTO `Register` VALUES (142, 249711, 5613689, 'DAVID KETER', '254710269586', 9, 10);
INSERT INTO `Register` VALUES (143, 249729, 5587444, 'MARK KERING', '254758562215', 4, 10);
INSERT INTO `Register` VALUES (144, 250998, 6665682, 'CLARAH KITUR', '254720250394', 9, 10);
INSERT INTO `Register` VALUES (145, 251628, 5592873, 'SAMUEL AGUI', '254724857284', 7, 10);
INSERT INTO `Register` VALUES (146, 251899, 3936318, 'MILCAH KIMETO', '254720422159', 9, 10);
INSERT INTO `Register` VALUES (147, 252056, 4735427, 'MARY TOO', '254723037339', 1, 10);
INSERT INTO `Register` VALUES (148, 252345, 3269718, 'JOSEPH METTO', '254725125938', 8, 10);
INSERT INTO `Register` VALUES (149, 252790, 8590594, 'JAMES MWEI', '254723479528', 5, 10);
INSERT INTO `Register` VALUES (150, 252792, 3290640, 'EVERLINE JEPTOO', '254702617492', 9, 10);
INSERT INTO `Register` VALUES (151, 254219, 7111436, 'JULIUS ROP', '254722286659', 6, 10);
INSERT INTO `Register` VALUES (152, 256999, 6298765, 'SAMEUL OMAMO', '254726744778', 1, 10);
INSERT INTO `Register` VALUES (153, 257014, 9158211, 'SIMEON LAGAT', '254720406339', 3, 10);
INSERT INTO `Register` VALUES (154, 257080, 6665933, 'SILAS KETER', '254790661142', 2, 10);
INSERT INTO `Register` VALUES (155, 257088, 3936934, 'KIBET SAMOEI', '254720832479', 3, 10);
INSERT INTO `Register` VALUES (156, 257120, 8590500, 'KIMNGETICH TANUI', '254721226005', 6, 10);
INSERT INTO `Register` VALUES (157, 257127, 8590495, 'Emily Chelanga Siror', '254711545742', 1, 10);
INSERT INTO `Register` VALUES (158, 257777, 9158226, 'JULIUS KERICH', '254724875610', 2, 10);
INSERT INTO `Register` VALUES (159, 261359, 3999208, 'KITUR THOMAS', '254726761591', 8, 10);
INSERT INTO `Register` VALUES (160, 261369, 5276665, 'TIMOTHY BONYEI', '254707580223', 9, 10);
INSERT INTO `Register` VALUES (161, 261858, 9158262, 'JAMES KETER', '254704929407', 3, 10);
INSERT INTO `Register` VALUES (162, 261859, 7111837, 'DAVID SIROR', '254723893873', 7, 10);
INSERT INTO `Register` VALUES (163, 261861, 6665263, 'JOSEPH SAMOEI', '254727824653', 7, 10);
INSERT INTO `Register` VALUES (164, 266403, 8591528, 'KENNEDY OCHEGO', '254712075428', 1, 10);
INSERT INTO `Register` VALUES (165, 266931, 8969906, 'TRUPHOSA KOECH', '254729826624', 4, 10);
INSERT INTO `Register` VALUES (166, 267659, 5593209, 'NICHOLAS KERICH', '254720286141', 9, 10);
INSERT INTO `Register` VALUES (167, 270489, 6665823, 'ROSE CHEPCHIRCHIR', '254728503744', 9, 10);
INSERT INTO `Register` VALUES (168, 270608, 5586430, 'HELLEN JERUBET', '254726710160', 11, 10);
INSERT INTO `Register` VALUES (169, 275063, 9600219, 'JEREMIA LANGAT', '254704482657', 3, 10);
INSERT INTO `Register` VALUES (170, 278069, 6665471, 'SAMWEL KOECH', '0', 4, 10);
INSERT INTO `Register` VALUES (171, 278435, 9460217, 'SABINA SEUREI', '254714870977', 6, 10);
INSERT INTO `Register` VALUES (172, 283012, 9868824, 'DAVID TANUI', '0', 1, 10);
INSERT INTO `Register` VALUES (173, 283790, 8479171, 'JULIUS KESSIO', '254722391826', 5, 10);
INSERT INTO `Register` VALUES (174, 284273, 8968762, 'JOHN KIPTUM', '254724628271', 7, 10);
INSERT INTO `Register` VALUES (175, 284274, 7445468, 'BARNABAS KOROS', '254722146147', 7, 10);
INSERT INTO `Register` VALUES (176, 288720, 3267127, 'CLARAH KOECH', '254728431085', 8, 10);
INSERT INTO `Register` VALUES (177, 289800, 5596023, 'GETHRUDE JELAGAT SONGOK', '254727830570', 9, 10);
INSERT INTO `Register` VALUES (178, 290480, 7444025, 'WESLEY LANDICH', '254721890426', 11, 10);
INSERT INTO `Register` VALUES (179, 290512, 9870317, 'SEREM KIPTOO', '254722289367', 5, 10);
INSERT INTO `Register` VALUES (180, 292968, 9886533, 'LINNER KETER', '254707093559', 7, 10);
INSERT INTO `Register` VALUES (181, 296739, 9158087, 'DAVID KIPTOO KEMBOI', '254726476590', 1, 10);
INSERT INTO `Register` VALUES (182, 296748, 4007943, 'FRANCIS KEMEI', '254726585545', 11, 10);
INSERT INTO `Register` VALUES (183, 297013, 8590943, 'NAFTALI KOGO', '254723958396', 6, 10);
INSERT INTO `Register` VALUES (184, 297089, 8969012, 'JOSEPH KIPROP', '254721945133', 8, 10);
INSERT INTO `Register` VALUES (185, 297717, 9991709, 'GEORGINA KOEI', '254727795745', 5, 10);
INSERT INTO `Register` VALUES (186, 299541, 1796962, 'JENNIFER MELLY', '254722366895', 4, 10);
INSERT INTO `Register` VALUES (187, 299957, 9101881, 'SONGOK DAVID', '0', 5, 10);
INSERT INTO `Register` VALUES (188, 301028, 5566943, 'PETER SEREM', '254720419156', 5, 10);
INSERT INTO `Register` VALUES (189, 301889, 7111448, 'JAPHETH MUTAI', '254700639915', 2, 10);
INSERT INTO `Register` VALUES (190, 301890, 9101104, 'JUXMCQUINYX KOECH', '254719643322', 1, 10);
INSERT INTO `Register` VALUES (191, 301972, 3246770, 'JOHANA MARITIM', '254712075474', 9, 10);
INSERT INTO `Register` VALUES (192, 302000, 5592891, 'ESTHER J SITIENEI', '254723283572', 7, 10);
INSERT INTO `Register` VALUES (193, 306122, 6586435, 'JOSHUA KIBET BALOZ', '254720638474', 8, 10);
INSERT INTO `Register` VALUES (194, 309496, 9159853, 'EMILY CHIRCHIR', '254725585051', 5, 10);
INSERT INTO `Register` VALUES (195, 309505, 5567382, 'JAMES TARUS', '254727044097', 5, 10);
INSERT INTO `Register` VALUES (196, 309573, 9868184, 'EZEKIEL BIWWOTT', '254728043466', 3, 10);
INSERT INTO `Register` VALUES (197, 309583, 9871628, 'MATIRIM KIPLIMO', '254717670678', 3, 10);
INSERT INTO `Register` VALUES (198, 309600, 6665739, 'JOSHUA SANGA', '254724466889', 6, 10);
INSERT INTO `Register` VALUES (199, 310734, 9990585, 'KILAGAT ISAAC', '254723502629', 6, 10);
INSERT INTO `Register` VALUES (200, 310737, 9601040, 'FRANCIS YEGO', '254721339603', 6, 10);
INSERT INTO `Register` VALUES (201, 312437, 252706, 'WILLIAM KOSGEI', '254728402688', 11, 10);
INSERT INTO `Register` VALUES (202, 314609, 7352472, 'PHILIP TOGOM', '254718533999', 7, 10);
INSERT INTO `Register` VALUES (203, 315141, 9101155, 'DAVID CHEPKWONY', '254720409126', 6, 10);
INSERT INTO `Register` VALUES (204, 316514, 9101290, 'CHEPKWONY JOSEPH', '0', 7, 10);
INSERT INTO `Register` VALUES (205, 316663, 9991464, 'JOHN NGENY', '254729326690', 8, 10);
INSERT INTO `Register` VALUES (206, 317029, 4007775, 'GEORGE ROTICH', '254724638687', 1, 10);
INSERT INTO `Register` VALUES (207, 317740, 9871946, 'ALEX KOECH', '254727824670', 1, 10);
INSERT INTO `Register` VALUES (208, 318098, 8713368, 'GABRIEL BOR', '254710980130', 3, 10);
INSERT INTO `Register` VALUES (209, 318100, 8968425, 'SOLOMON BIWOT', '254720719946', 7, 10);
INSERT INTO `Register` VALUES (210, 318102, 8591472, 'JOSPHAT CHEMAI', '254720541754', 5, 10);
INSERT INTO `Register` VALUES (211, 318341, 9871252, 'METHUSELA SANGA', '254721697589', 11, 10);
INSERT INTO `Register` VALUES (212, 318342, 9101342, 'JOSHUA CHUMO', '254724743792', 7, 10);
INSERT INTO `Register` VALUES (213, 319085, 8591227, 'ELIZABETH BIRGEN', '254727048971', 11, 10);
INSERT INTO `Register` VALUES (214, 319197, 8591078, 'LEZEBER BITOK', '254725406561', 1, 10);
INSERT INTO `Register` VALUES (215, 319204, 9101232, 'GEORGE ROBB', '254726606094', 1, 10);
INSERT INTO `Register` VALUES (216, 319209, 4001287, 'MARY CHELIMO', '254723407742', 8, 10);
INSERT INTO `Register` VALUES (217, 319216, 9869890, 'EUNICE ROP', '254725554982', 7, 10);
INSERT INTO `Register` VALUES (218, 319363, 9870961, 'ELIZABETH BETT', '254727550308', 1, 10);
INSERT INTO `Register` VALUES (219, 319565, 9869044, 'PROTUS MUGE', '254705256709', 6, 10);
INSERT INTO `Register` VALUES (220, 319567, 9870336, 'HENRY MAIYO', '254723733692', 7, 10);
INSERT INTO `Register` VALUES (221, 320032, 8968385, 'HENRY OGETO', '254729826807', 11, 10);
INSERT INTO `Register` VALUES (222, 321057, 9990426, 'JOHNSON KIRWA', '254727856783', 2, 10);
INSERT INTO `Register` VALUES (223, 321058, 9158865, 'Francis Too', '254728653964', 4, 10);
INSERT INTO `Register` VALUES (224, 321446, 8969677, 'SILAS KABIY', '254721885855', 1, 10);
INSERT INTO `Register` VALUES (225, 326191, 10540606, 'DANIEL RUTTO', '0', 2, 10);
INSERT INTO `Register` VALUES (226, 326684, 26850661, 'BENJAMIN KEMBOI', '254702512277', 5, 10);
INSERT INTO `Register` VALUES (227, 328803, 5571303, 'SERONEY BARNABA', '254712292681', 8, 10);
INSERT INTO `Register` VALUES (228, 329194, 9159833, 'Anne J Sang', '254713052085', 4, 10);
INSERT INTO `Register` VALUES (229, 329201, 10540504, 'LULY DAVID', '254726936326', 9, 10);
INSERT INTO `Register` VALUES (230, 329202, 10540425, 'KENNETH BIRGEN', '254720807575', 4, 10);
INSERT INTO `Register` VALUES (231, 330445, 9603635, 'SAMMY SEREM', '254723704550', 9, 10);
INSERT INTO `Register` VALUES (232, 330873, 10540872, 'JUDAH SAINA', '254724945473', 2, 10);
INSERT INTO `Register` VALUES (233, 331056, 6665146, 'EDWIN RONO', '254720887041', 11, 10);
INSERT INTO `Register` VALUES (234, 331335, 10220008, 'ELIZABA BUTIA', '254722589227', 4, 10);
INSERT INTO `Register` VALUES (235, 331434, 9159370, 'FLOMENA CHOGE', '254710279253', 8, 10);
INSERT INTO `Register` VALUES (236, 332127, 10540592, 'RICHARD KIRONG', '254722949065', 11, 10);
INSERT INTO `Register` VALUES (237, 337922, 10445662, 'PAULINE CHEPKOECH', '254726263237', 9, 10);
INSERT INTO `Register` VALUES (238, 339105, 9991751, 'JEMELI LEAH', '254727805726', 1, 10);
INSERT INTO `Register` VALUES (239, 339113, 9602505, 'LINUS KEMBOI', '254724420703', 11, 10);
INSERT INTO `Register` VALUES (240, 339126, 9871535, 'ALPHONXE MILIMO', '254725002800', 1, 10);
INSERT INTO `Register` VALUES (241, 340521, 11024297, 'ELIAKIM CHEPTOCH', '254729607723', 5, 10);
INSERT INTO `Register` VALUES (242, 340798, 5583207, 'SAMMY CHERUIYOT', '254724897264', 8, 10);
INSERT INTO `Register` VALUES (243, 341454, 10540498, 'BENJAMIN KEINO', '254711613895', 1, 10);
INSERT INTO `Register` VALUES (244, 341906, 10541130, 'CHUMBA KIPTANUI', '254721744834', 1, 10);
INSERT INTO `Register` VALUES (245, 342876, 9870764, 'KOGEI JULIUS', '0', 2, 10);
INSERT INTO `Register` VALUES (246, 343360, 11166356, 'PARTICK KITUR', '254727264283', 7, 10);
INSERT INTO `Register` VALUES (247, 343571, 4007904, 'JACOB KEMEI', '254724156071', 8, 10);
INSERT INTO `Register` VALUES (248, 343633, 10540890, 'DANIEL BIWOT', '254715059695', 1, 10);
INSERT INTO `Register` VALUES (249, 343641, 11166868, 'HILLARY KIBITOK', '254721928249', 4, 10);
INSERT INTO `Register` VALUES (250, 345668, 11166743, 'JAMES CHUMBA', '254721886665', 11, 10);
INSERT INTO `Register` VALUES (251, 346536, 10445479, 'JOSEPH TUWEI', '254720741848', 3, 10);
INSERT INTO `Register` VALUES (252, 354811, 11604538, 'DAVID LETING', '254726964259', 2, 10);
INSERT INTO `Register` VALUES (253, 355582, 11296032, 'JOSPHINE CHESEREM', '254716395064', 1, 10);
INSERT INTO `Register` VALUES (254, 360136, 11506872, 'JOHN BOR', '254713083863', 3, 10);
INSERT INTO `Register` VALUES (255, 360138, 9868322, 'HENRY RONO', '254720748763', 3, 10);
INSERT INTO `Register` VALUES (256, 360143, 10541643, 'CHRISTOPHER ROTICH', '254725847910', 3, 10);
INSERT INTO `Register` VALUES (257, 360364, 9868411, 'Paul K Ruto', '254729924227', 3, 10);
INSERT INTO `Register` VALUES (258, 360488, 11167628, 'ALICE CHELAGAT', '254721103351', 1, 10);
INSERT INTO `Register` VALUES (259, 360489, 11604232, 'GRACE JEPTEPKENY', '254723635273', 3, 10);
INSERT INTO `Register` VALUES (260, 360490, 9990629, 'JOSEPH KOECH', '254742073892', 9, 10);
INSERT INTO `Register` VALUES (261, 360533, 11167055, 'RACHEL CHELANGAT', '254726640768', 2, 10);
INSERT INTO `Register` VALUES (262, 361046, 11604639, 'PRISCAH NGETICH', '254723248112', 3, 10);
INSERT INTO `Register` VALUES (263, 361934, 11604287, 'DAVID NGELELEY', '254729739687', 2, 10);
INSERT INTO `Register` VALUES (264, 362067, 10540676, 'JAMES TOO', '0', 8, 10);
INSERT INTO `Register` VALUES (265, 362331, 11604441, 'SOMEON LANGAT', '254729805966', 3, 10);
INSERT INTO `Register` VALUES (266, 365329, 9600925, 'NYAOKE VIPIAN', '254721418538', 4, 10);
INSERT INTO `Register` VALUES (267, 365410, 11166644, 'STEPHEN KARAN', '254720837731', 3, 10);
INSERT INTO `Register` VALUES (268, 365411, 11604573, 'DAVID KOECH', '254720462018', 3, 10);
INSERT INTO `Register` VALUES (269, 365521, 11506159, 'METHUSELA ROP', '254722583275', 6, 10);
INSERT INTO `Register` VALUES (270, 365526, 11604263, 'ESTHER JERUBET', '254711696546', 7, 10);
INSERT INTO `Register` VALUES (271, 366073, 13441112, 'MARCELY KOECH', '254720927963', 8, 10);
INSERT INTO `Register` VALUES (272, 366422, 11604652, 'EMILY KEBEN', '254729698307', 6, 10);
INSERT INTO `Register` VALUES (273, 366893, 13363237, 'HENRY LETTING', '254726350151', 6, 10);
INSERT INTO `Register` VALUES (274, 366896, 11778421, 'AMBROSE KIPKEMBOI', '254724401043', 5, 10);
INSERT INTO `Register` VALUES (275, 366906, 9101831, 'PHILIP KORIR', '254724520690', 1, 10);
INSERT INTO `Register` VALUES (276, 366912, 9602567, 'MOSES CHERUIYOT', '254724420693', 9, 10);
INSERT INTO `Register` VALUES (277, 367098, 12973023, 'ABRAHAM MAIYO', '254724273692', 9, 10);
INSERT INTO `Register` VALUES (278, 367128, 11167407, 'MARK NGETICH', '254718594820', 9, 10);
INSERT INTO `Register` VALUES (279, 367130, 13363286, 'Kogo Eluid Kipkemboi', '254723217692', 6, 10);
INSERT INTO `Register` VALUES (280, 367136, 11024913, 'PARTRICK CHEPKWONY', '254729726565', 5, 10);
INSERT INTO `Register` VALUES (281, 367758, 9603507, 'JOSEPH CHEPKWONY', '254724608160', 5, 10);
INSERT INTO `Register` VALUES (282, 367765, 8590552, 'RICHARD CHEPKWONY', '254721710173', 3, 10);
INSERT INTO `Register` VALUES (283, 367769, 13362930, 'DAVID KEMBOI', '254705789951', 9, 10);
INSERT INTO `Register` VALUES (284, 367770, 11780112, 'SAMMY SAWE', '254710584352', 6, 10);
INSERT INTO `Register` VALUES (285, 367774, 11779453, 'JULIA JEPTUM', '254723876800', 5, 10);
INSERT INTO `Register` VALUES (286, 367776, 11604956, 'KIBET LUKE', '254725654162', 5, 10);
INSERT INTO `Register` VALUES (287, 367781, 11024354, 'ANTONY MAIYO', '254714041271', 5, 10);
INSERT INTO `Register` VALUES (288, 367782, 11297917, 'DOUGLAS KIPTUM', '254724761237', 3, 10);
INSERT INTO `Register` VALUES (289, 368182, 11506031, 'DAVID BIWOT', '254720706816', 3, 10);
INSERT INTO `Register` VALUES (290, 368940, 13306053, 'ISACK ROTICH', '254720706743', 3, 10);
INSERT INTO `Register` VALUES (291, 368944, 11297172, 'JOSEPH BII', '254726621201', 3, 10);
INSERT INTO `Register` VALUES (292, 368945, 9869744, 'RONO KIPKOSGEI', '254724229792', 6, 10);
INSERT INTO `Register` VALUES (293, 369055, 9871309, 'DAVID KENY', '254716652939', 3, 10);
INSERT INTO `Register` VALUES (294, 369287, 7162846, 'JOSEPH TOO', '254721462737', 3, 10);
INSERT INTO `Register` VALUES (295, 369289, 12470852, 'JULIUS SONGOEI', '254723843906', 3, 10);
INSERT INTO `Register` VALUES (296, 369298, 13305430, 'JOEL KITUR', '254723901716', 6, 10);
INSERT INTO `Register` VALUES (297, 369299, 13014386, 'MOSES SANG', '254721154634', 3, 10);
INSERT INTO `Register` VALUES (298, 369302, 12468854, 'EZEKIEL BETT', '254723711661', 3, 10);
INSERT INTO `Register` VALUES (299, 369582, 13293311, 'THOMAS KOSGEI', '254711553946', 7, 10);
INSERT INTO `Register` VALUES (300, 369586, 13363306, 'KENNEDY CHERUIYOT TANUI', '254725629660', 9, 10);
INSERT INTO `Register` VALUES (301, 370088, 5567247, 'SAMSON NYANGO', '254720893448', 11, 10);
INSERT INTO `Register` VALUES (302, 370456, 11604388, 'JOHN ROTICH', '254720462049', 3, 10);
INSERT INTO `Register` VALUES (303, 370461, 12469542, 'RICHARD YEGON', '254727041212', 5, 10);
INSERT INTO `Register` VALUES (304, 370939, 11167286, 'EMILY JEBOTIB', '254726861214', 9, 10);
INSERT INTO `Register` VALUES (305, 370944, 11605162, 'JAMES MUREY', '254721313126', 5, 10);
INSERT INTO `Register` VALUES (306, 370947, 11297476, 'JOSEPH RONO', '254725962471', 3, 10);
INSERT INTO `Register` VALUES (307, 370950, 11296162, 'THOMAS TARUS', '254700272626', 2, 10);
INSERT INTO `Register` VALUES (308, 379070, 12737623, 'PASCAL SIROREI', '254719567377', 9, 10);
INSERT INTO `Register` VALUES (309, 379076, 12736459, 'PAUL KOSGEI', '254726936287', 11, 10);
INSERT INTO `Register` VALUES (310, 379095, 11779868, 'EMMANUEL KOECH', '254711360326', 5, 10);
INSERT INTO `Register` VALUES (311, 379098, 13807981, 'ROSE BOMETT', '0', 11, 10);
INSERT INTO `Register` VALUES (312, 379161, 13362058, 'CHRISTINE KETER', '254725620774', 8, 10);
INSERT INTO `Register` VALUES (313, 379573, 13807999, 'BEARTICE LIMO', '254716432383', 1, 10);
INSERT INTO `Register` VALUES (314, 379578, 14509261, 'PIUS KIPRONO', '254700096596', 5, 10);
INSERT INTO `Register` VALUES (315, 381336, 13363433, 'URSULAH CHIRCHIR', '254712931806', 7, 10);
INSERT INTO `Register` VALUES (316, 381337, 12736487, 'ELIZABETH MUIGEI', '254728969917', 6, 10);
INSERT INTO `Register` VALUES (317, 381340, 14509175, 'JOSEPH BETT', '254720864908', 9, 10);
INSERT INTO `Register` VALUES (318, 381762, 13807971, 'Nelly NGISIREI', '254717033938', 1, 10);
INSERT INTO `Register` VALUES (319, 382388, 11778945, 'MARK LAGAT', '254704312284', 5, 10);
INSERT INTO `Register` VALUES (320, 382391, 13364509, 'ROP ELPHAS', '254722935621', 6, 10);
INSERT INTO `Register` VALUES (321, 382404, 12470980, 'TANUI JACKSON', '254710294372', 5, 10);
INSERT INTO `Register` VALUES (322, 382408, 13365785, 'CHARLES TOO', '254720706829', 8, 10);
INSERT INTO `Register` VALUES (323, 383152, 13365792, 'JOSEPH SONGOK', '254724459888', 1, 10);
INSERT INTO `Register` VALUES (324, 383566, 11604496, 'DAVID K MAIYO', '254707969169', 7, 10);
INSERT INTO `Register` VALUES (325, 383570, 11778659, 'ROSE TARUS', '254726042199', 11, 10);
INSERT INTO `Register` VALUES (326, 383579, 13293335, 'JOSEPH BUGUT', '254721221594', 2, 10);
INSERT INTO `Register` VALUES (327, 384001, 12737844, 'PHILEMON LAGAT', '254721512918', 11, 10);
INSERT INTO `Register` VALUES (328, 384020, 8969766, 'URSILAH SUGUT', '254710406743', 1, 10);
INSERT INTO `Register` VALUES (329, 384931, 11604037, 'LYDIA TANUI', '254714249922', 11, 10);
INSERT INTO `Register` VALUES (330, 384942, 13305160, 'ELIJAH LIMO', '254725552467', 5, 10);
INSERT INTO `Register` VALUES (331, 384944, 11604539, 'PAUL BETT', '254729656687', 5, 10);
INSERT INTO `Register` VALUES (333, 385654, 13808911, 'JEPTOO CHERUIYOT', '254726547647', 3, 10);
INSERT INTO `Register` VALUES (334, 385658, 12737576, 'JULIUS SIMATWO', '254723067258', 11, 10);
INSERT INTO `Register` VALUES (335, 385660, 12470491, 'BIAMA CHRISTOPHER ', '254724018029', 5, 10);
INSERT INTO `Register` VALUES (336, 385661, 11780150, 'GEORGE KOSGEI', '254724309586', 6, 10);
INSERT INTO `Register` VALUES (337, 386445, 11779405, 'DAVID KOECH', '254723460946', 8, 10);
INSERT INTO `Register` VALUES (338, 386447, 13017144, 'BENJAMIN MAGUT', '254721888110', 4, 10);
INSERT INTO `Register` VALUES (339, 386454, 13692174, 'Leah C LANGAT', '254723966554', 1, 10);
INSERT INTO `Register` VALUES (340, 393848, 12469605, 'JAMES NGETICH', '254720470527', 5, 10);
INSERT INTO `Register` VALUES (341, 397363, 12736154, 'JOAN JEMELI', '254719567074', 3, 10);
INSERT INTO `Register` VALUES (342, 398463, 4004188, 'NELLY KOSGEI', '254723310143', 1, 10);
INSERT INTO `Register` VALUES (343, 405764, 9991325, 'BIRAFFA BINTI ALI', '254720798572', 2, 10);
INSERT INTO `Register` VALUES (344, 405825, 14508070, 'EDITHA MBERIA', '254727586798', 7, 10);
INSERT INTO `Register` VALUES (345, 406374, 10540538, 'LINUS KETER', '254721821202', 9, 10);
INSERT INTO `Register` VALUES (346, 406388, 10541913, 'WILSON TOO', '254728847556', 2, 10);
INSERT INTO `Register` VALUES (347, 406401, 13363819, 'HEZEKIA CHEMAI', '254722636210', 7, 10);
INSERT INTO `Register` VALUES (348, 408041, 14509312, 'CHERUTO ISABELA', '254726710586', 2, 10);
INSERT INTO `Register` VALUES (349, 408208, 20952395, 'ROBERT MAGUT', '254710946591', 3, 10);
INSERT INTO `Register` VALUES (350, 410141, 14692805, 'JANE JEPCHIRCHIR', '254721868934', 9, 10);
INSERT INTO `Register` VALUES (351, 410207, 9871577, 'PAUL SONGOK', '254725973458', 2, 10);
INSERT INTO `Register` VALUES (352, 410217, 13305594, 'PHILIP MIBEI', '254720706818', 6, 10);
INSERT INTO `Register` VALUES (353, 410271, 14724473, 'CHRISTOPHER SAINA', '254723437856', 2, 10);
INSERT INTO `Register` VALUES (354, 410304, 12744782, 'JOEL SITIENEI', '254725438606', 6, 10);
INSERT INTO `Register` VALUES (355, 411010, 11778994, 'BARNABA KITUR', '0', 7, 10);
INSERT INTO `Register` VALUES (356, 411018, 13062587, 'KIPTOO PHILEMON', '254725555984', 2, 10);
INSERT INTO `Register` VALUES (357, 411076, 12470687, 'KIPRUGUT STEPHENE', '254720792003', 3, 10);
INSERT INTO `Register` VALUES (358, 415404, 10540542, 'CLEOPHAS KOSGEI', '254723352926', 9, 10);
INSERT INTO `Register` VALUES (359, 417776, 13365806, 'JOSEPH KIRWA', '254710168119', 1, 10);
INSERT INTO `Register` VALUES (360, 418827, 21170915, 'NGENO GRACE', '254721908782', 3, 10);
INSERT INTO `Register` VALUES (361, 422132, 12736461, 'ROP PAUL', '254721365657', 3, 10);
INSERT INTO `Register` VALUES (362, 440710, 21738436, 'BENSON LIMO', '254720837780', 2, 10);
INSERT INTO `Register` VALUES (363, 446184, 21710151, 'JOHN GOIN', '254720364966', 2, 10);
INSERT INTO `Register` VALUES (364, 343350, 10541491, 'ANNE RONO', '254725660336', 1, 10);
INSERT INTO `Register` VALUES (365, 289690, 5586755, 'ALEX YATOR', '254725447752', 1, 10);
INSERT INTO `Register` VALUES (366, 318967, 9871752, 'JOSPAT KURGAT', '254723152694', 6, 10);
INSERT INTO `Register` VALUES (367, 385672, 10540928, 'MARY KILI', '254723927568', 11, 10);
INSERT INTO `Register` VALUES (368, 155063, 4719826, 'ROSE JEMUTAI SIAMBA', '254718620813', 4, 10);
INSERT INTO `Register` VALUES (369, 217260, 5277502, 'BETTY YEGO', '254727735754', 8, 10);
INSERT INTO `Register` VALUES (370, 264412, 9101496, 'ROSE KETER', '254727504311', 11, 10);
INSERT INTO `Register` VALUES (371, 217272, 5613696, 'MOSES TUWEI', '254708609737', 9, 10);
INSERT INTO `Register` VALUES (372, 151149, 3265520, 'MATHEW TEMUGE', '0', 8, 10);
INSERT INTO `Register` VALUES (373, 320337, 9871860, 'STEPHEN RONO', '254729047222', 8, 10);
INSERT INTO `Register` VALUES (374, 217252, 5587369, 'JOEL KIRWA', '254724672766', 8, 10);
INSERT INTO `Register` VALUES (375, 346938, 10541053, 'CHERUIYOT KIPKEMBOI', '254723933176', 8, 10);
INSERT INTO `Register` VALUES (376, 249699, 5571609, 'JULIUS TARUS', '254729067623', 1, 10);
INSERT INTO `Register` VALUES (377, 246573, 7444055, 'SAMMY BOR', '254729014441', 1, 10);
INSERT INTO `Register` VALUES (378, 254389, 8968544, 'FABIANO TOO', '254725325190', 1, 10);
INSERT INTO `Register` VALUES (379, 381759, 13016851, 'SOLOMON TUWEI', '254710492769', 6, 10);
INSERT INTO `Register` VALUES (380, 190495, 455533, 'Musoma James Akhaya', '254727402323', 1, 10);
INSERT INTO `Register` VALUES (381, 343352, 9601297, 'JANE RONO', '254710352240', 8, 10);
INSERT INTO `Register` VALUES (382, 287710, 8591442, 'JOSEPH KOROS', '254710498386', 8, 10);
INSERT INTO `Register` VALUES (383, 449841, 21069811, 'JAPHET SUM', '254724364518', 8, 10);
INSERT INTO `Register` VALUES (384, 254333, 5613841, 'MUSA BIRGEN', '254703919065', 9, 10);
INSERT INTO `Register` VALUES (385, 368942, 11506907, 'ISAAC KIRUI', '254720668763', 3, 10);
INSERT INTO `Register` VALUES (386, 477455, 22469465, 'MERCY JEPKORIR', '254729494255', 4, 10);
INSERT INTO `Register` VALUES (387, 176612, 27074066, 'PETER KIRWA', '254714488045', 6, 10);
INSERT INTO `Register` VALUES (388, 289692, 6846647, 'ANDREW BITOK', '0', 4, 10);
INSERT INTO `Register` VALUES (389, 445499, 20040063, 'SAMWEL MOIBEN', '254720821780', 1, 10);
INSERT INTO `Register` VALUES (390, 242634, 5603209, 'JANE KEMBOI', '254720548718', 4, 10);
INSERT INTO `Register` VALUES (391, 382392, 13016696, 'MARK MAIY', '254721822711', 9, 10);
INSERT INTO `Register` VALUES (392, 267444, 7111832, 'HARON MUHALIA', '254724667977', 1, 10);
INSERT INTO `Register` VALUES (393, 254087, 8587149, 'LAWRENCE KORIR', '254724877197', 4, 10);
INSERT INTO `Register` VALUES (394, 217232, 3284487, 'JOHN SHIVAJI', '254721316753', 1, 10);
INSERT INTO `Register` VALUES (395, 226780, 3261440, 'JOHN ROTICH', '254725277243', 3, 10);
INSERT INTO `Register` VALUES (396, 249715, 5610246, 'ELISHA BIWOT', '254790093345', 9, 10);
INSERT INTO `Register` VALUES (397, 285368, 5593822, 'JOSEPH SILEI', '0', 8, 10);
INSERT INTO `Register` VALUES (398, 217378, 4007443, 'REUBEN TARUS', '254729452056', 8, 10);
INSERT INTO `Register` VALUES (399, 403302, 8590146, 'PAUL KOSGEI', '254726110349', 2, 10);
INSERT INTO `Register` VALUES (400, 202506, 5606143, 'GIDEON TUWEI', '254724249269', 1, 10);
INSERT INTO `Register` VALUES (401, 367138, 11605789, 'HARON CHEMWOR', '254721255079', 5, 10);
INSERT INTO `Register` VALUES (402, 379575, 12468449, 'RICHARD LAGAT', '254710681961', 1, 10);
INSERT INTO `Register` VALUES (403, 237241, 7445942, 'SYMON KICHWEN', '254727550365', 8, 10);
INSERT INTO `Register` VALUES (404, 360146, 9871219, 'FIDELIS SAINA', '254717420309', 1, 10);
INSERT INTO `Register` VALUES (405, 227072, 5613666, 'Kadaji Member', '254701233579', 1, 10);
INSERT INTO `Register` VALUES (406, 237290, 5589875, 'NELLY BIRGEN', '254727591979', 8, 10);
INSERT INTO `Register` VALUES (407, 338669, 10540216, 'DAVID RUGUT', '254722584744', 4, 10);
INSERT INTO `Register` VALUES (408, 368952, 13365771, 'FRANSIS TOO', '254703689899', 4, 10);
INSERT INTO `Register` VALUES (409, 242597, 5567663, 'ANNE NGENY', '254724403042', 5, 10);
INSERT INTO `Register` VALUES (410, 267605, 3257328, 'MARK ROP', '254768727131', 6, 10);
INSERT INTO `Register` VALUES (411, 221291, 1730535, 'FRANCIS LILOPA', '254725107105', 1, 10);
INSERT INTO `Register` VALUES (412, 309561, 8591699, 'TECLA MELI', '254725224457', 2, 10);
INSERT INTO `Register` VALUES (413, 422134, 20091209, 'JOHN RONO', '254722445496', 3, 10);
INSERT INTO `Register` VALUES (414, 383995, 10220535, 'SILAS SONGOK', '254723417855', 5, 10);
INSERT INTO `Register` VALUES (415, 406266, 13808013, 'MARTHA BIRGEN', '254724459953', 9, 10);
INSERT INTO `Register` VALUES (416, 269350, 5582676, 'EMILY TUWEI', '254716217148', 9, 10);
INSERT INTO `Register` VALUES (417, 386057, 13305584, 'ISAAC KOGO', '254720536317', 6, 10);
INSERT INTO `Register` VALUES (418, 381764, 10540571, 'CHRISTOPHER KIPTOO', '254718422541', 6, 10);
INSERT INTO `Register` VALUES (419, 99655, 771275, 'WINFRED LANGAT', '254789586197', 2, 10);
INSERT INTO `Register` VALUES (420, 188256, 246182, 'SAMMY LANGAT', '254726042226', 8, 10);
INSERT INTO `Register` VALUES (421, 343582, 10540659, 'NEREU KERICH', '254720576445', 1, 10);
INSERT INTO `Register` VALUES (422, 379583, 13362705, 'PAUL BWAMBOK', '254726214732', 2, 10);
INSERT INTO `Register` VALUES (423, 344309, 10220501, 'PIUS KOECH', '254722911061', 2, 10);
INSERT INTO `Register` VALUES (424, 369293, 10541250, 'MARUIS ROTICH', '254712550509', 5, 10);
INSERT INTO `Register` VALUES (425, 229706, 3290193, 'JOSEPH BIWOT', '0', 7, 10);
INSERT INTO `Register` VALUES (426, 417236, 14692840, 'MARY MAGUT', '254726759723', 5, 10);
INSERT INTO `Register` VALUES (427, 386071, 11024736, 'JOYCE JELAGAT', '254723438300', 9, 10);
INSERT INTO `Register` VALUES (428, 379172, 13808330, 'JOSEPH KIPLAGAT', '254723769555', 7, 10);
INSERT INTO `Register` VALUES (429, 290477, 5613838, 'PHILIP MOSO', '254727561916', 9, 10);
INSERT INTO `Register` VALUES (430, 269067, 8731558, 'ANNE KOECH', '254717571799', 7, 10);
INSERT INTO `Register` VALUES (431, 383149, 13365227, 'HILLARY MARITIM', '254721683084', 9, 10);
INSERT INTO `Register` VALUES (432, 361644, 11730607, 'JOAN SONGIO', '254723445229', 1, 10);
INSERT INTO `Register` VALUES (434, 406309, 14724269, 'COSMAS CHERUIYOT', '254724695669', 9, 10);
INSERT INTO `Register` VALUES (435, 365894, 6664592, 'BENEDETA KIPLAGAT', '254721730030', 9, 10);
INSERT INTO `Register` VALUES (436, 203494, 4007388, 'MOSES NGENY', '254712140177', 8, 10);
INSERT INTO `Register` VALUES (437, 319570, 27396013, 'SALLY ROTICH', '254720615957', 4, 10);
INSERT INTO `Register` VALUES (438, 301805, 8591474, 'DIVINA RUTO', '254722580736', 4, 10);
INSERT INTO `Register` VALUES (439, 379069, 12737928, 'LINUS CHEMWOR', '254726484718', 1, 10);
INSERT INTO `Register` VALUES (440, 151167, 1251171, 'Cheruiyot Joel', '254722343908', 4, 10);
INSERT INTO `Register` VALUES (441, 379145, 11604554, 'EMMANUEL TENAI', '254729319441', 7, 10);
INSERT INTO `Register` VALUES (442, 343583, 11166697, 'CLARA JEPKETER', '254720823288', 1, 10);
INSERT INTO `Register` VALUES (443, 332732, 10747759, 'RUTH KEMBOI', '254714579423', 1, 10);
INSERT INTO `Register` VALUES (444, 319190, 6664318, 'IRENE SITIENEI', '254723137609', 1, 10);
INSERT INTO `Register` VALUES (445, 360149, 11605559, 'Paul K Sanga', '254721474246', 1, 10);
INSERT INTO `Register` VALUES (446, 399613, 21136053, 'JOSEPH NGOCHOI', '254727916797', 3, 10);
INSERT INTO `Register` VALUES (447, 339107, 11167726, 'NGELECHEI SAMWEL', '254742132358', 3, 10);
INSERT INTO `Register` VALUES (448, 242612, 8969669, 'HESBON NALE', '254723956504', 3, 10);
INSERT INTO `Register` VALUES (449, 238023, 4005204, 'PHILIP MOBO', '254726603751', 3, 10);
INSERT INTO `Register` VALUES (450, 242660, 5583208, 'JOHN TARUS', '254704162898', 6, 10);
INSERT INTO `Register` VALUES (451, 381763, 10540968, 'RONOH KIPKOECH', '254725938650', 9, 10);
INSERT INTO `Register` VALUES (452, 410276, 24779760, 'Yego Evans', '254720558470', 2, 10);
INSERT INTO `Register` VALUES (453, 340797, 7444488, 'SILAS KIPCHUMBA CHERUIYOT', '0', 9, 10);
INSERT INTO `Register` VALUES (454, 277125, 8723108, 'ROSE CHEMSTO', '254725807317', 9, 10);
INSERT INTO `Register` VALUES (455, 329199, 10445236, 'SIRMA SOSPETER', '254721618257', 4, 10);
INSERT INTO `Register` VALUES (456, 257105, 3268810, 'JOSIAH KOECH', '254721377551', 8, 10);
INSERT INTO `Register` VALUES (457, 189664, 448260, 'Phillip K MAGUT', '254728355009', 4, 10);
INSERT INTO `Register` VALUES (458, 338671, 3263346, 'JANE TANUI', '254729240001', 4, 10);
INSERT INTO `Register` VALUES (462, 155634, 3246343, 'JULIUS SERSER', '254727564672', 1, 10);
INSERT INTO `Register` VALUES (463, 177198, 3445684, 'ELIZABETH KOECH', '254726387081', 11, 10);
INSERT INTO `Register` VALUES (464, 180227, 2332679, 'JULIUS RONO', '254714994212', 11, 10);
INSERT INTO `Register` VALUES (465, 189593, 3269160, 'PHILIP SANG', '254727402725', 11, 10);
INSERT INTO `Register` VALUES (466, 189596, 3445624, 'BETTY SITIENEI', '254729079790', 11, 10);
INSERT INTO `Register` VALUES (467, 189656, 3267311, 'SALLY JEMESUNDE', '254712198651', 11, 10);
INSERT INTO `Register` VALUES (468, 202337, 5596357, 'DIVINA TOO', '254723402333', 11, 10);
INSERT INTO `Register` VALUES (469, 217213, 5571118, 'JAMES MURWON', '254726874530', 11, 10);
INSERT INTO `Register` VALUES (470, 217290, 3937553, 'JANE KORIR', '254726350924', 11, 10);
INSERT INTO `Register` VALUES (471, 217384, 5596326, 'LEAH MARITIM', '254721652831', 11, 10);
INSERT INTO `Register` VALUES (472, 225182, 3936728, 'PHILIP KEMBOI', '254726026297', 11, 10);
INSERT INTO `Register` VALUES (473, 227058, 4002124, 'ALFRED SAWE', '254722687216', 11, 10);
INSERT INTO `Register` VALUES (474, 229705, 7444760, 'ISAAC KUTTO', '254724973797', 11, 10);
INSERT INTO `Register` VALUES (475, 234536, 3285686, 'EVANS ALUDAH LUGINDI', '254721378223', 11, 10);
INSERT INTO `Register` VALUES (476, 237278, 6665907, 'LEAH BUNDOTICH', '254720360978', 11, 10);
INSERT INTO `Register` VALUES (477, 237343, 6665240, 'JOSEPH MAGUT', '254720337968', 11, 10);
INSERT INTO `Register` VALUES (478, 251979, 3264643, 'VICTOR MAGUT', '254722837930', 11, 10);
INSERT INTO `Register` VALUES (479, 253281, 7111932, 'REUBEN KEMBOI', '254721229849', 11, 10);
INSERT INTO `Register` VALUES (480, 257074, 8591812, 'WILLIAM SONGOK', '254726083257', 11, 10);
INSERT INTO `Register` VALUES (481, 257753, 5277370, 'JAMES MELI', '254726301325', 11, 10);
INSERT INTO `Register` VALUES (482, 257956, 6211986, 'JOHN KOECH', '254715451121', 11, 10);
INSERT INTO `Register` VALUES (483, 271130, 5593138, 'PAUL SANG', '254714250281', 11, 10);
INSERT INTO `Register` VALUES (484, 278068, 8591027, 'DAVID KOECH', '254720430115', 11, 10);
INSERT INTO `Register` VALUES (485, 283738, 8591476, 'DAVID RONO', '254725456643', 11, 10);
INSERT INTO `Register` VALUES (486, 284962, 5566549, 'VICTOR KOEI', '254713305918', 11, 10);
INSERT INTO `Register` VALUES (488, 289790, 3256908, 'CONSOLATA TOO', '254726799172', 11, 10);
INSERT INTO `Register` VALUES (489, 289792, 8590539, 'MILCAH CHERUIYOT', '254723168498', 11, 10);
INSERT INTO `Register` VALUES (490, 290487, 9602797, 'ABIGAEL MUHONJA', '254724354924', 11, 10);
INSERT INTO `Register` VALUES (491, 299544, 9159822, 'DOMINIC MUHINDI', '254722596600', 11, 10);
INSERT INTO `Register` VALUES (492, 301027, 9461006, 'CLEMENT TIONGING', '254726760342', 11, 10);
INSERT INTO `Register` VALUES (494, 309544, 9602093, 'WILLIAM KOSGEI', '254743296735', 11, 10);
INSERT INTO `Register` VALUES (495, 310749, 9161053, 'HELLEN SIROREI', '254721571669', 11, 10);
INSERT INTO `Register` VALUES (496, 319205, 10341345, 'WILLIAM KEMEI', '254728983915', 11, 10);
INSERT INTO `Register` VALUES (498, 321457, 10005722, 'FLORA SIARI MIHIGA', '254714255079', 11, 10);
INSERT INTO `Register` VALUES (499, 321459, 8591355, 'GINESHES BIRECH', '254700659998', 11, 10);
INSERT INTO `Register` VALUES (501, 325712, 9871975, 'ANIKAYI HEZRON', '254721600912', 11, 10);
INSERT INTO `Register` VALUES (502, 338660, 10445064, 'DAVID KETTER', '254723590900', 11, 10);
INSERT INTO `Register` VALUES (503, 339114, 11166212, 'JOSHUO TOO', '254725736673', 11, 10);
INSERT INTO `Register` VALUES (504, 341902, 11025208, 'GRACE JEBET', '254723272852', 11, 10);
INSERT INTO `Register` VALUES (505, 343565, 9990323, 'AMOS KEMBOI', '254702594763', 11, 10);
INSERT INTO `Register` VALUES (506, 343640, 8969001, 'EZEKIEL SIMATWO', '254725905200', 11, 10);
INSERT INTO `Register` VALUES (507, 345672, 5276241, 'GERALAD KEMBOI', '254722688613', 11, 10);
INSERT INTO `Register` VALUES (508, 354545, 10540366, 'FELISTER SHITESHE', '254723446175', 11, 10);
INSERT INTO `Register` VALUES (509, 355005, 10314292, 'IRENE CHUMO', '254726923724', 11, 10);
INSERT INTO `Register` VALUES (510, 355456, 11779106, 'JOSIAH LETING', '254725214869', 11, 10);
INSERT INTO `Register` VALUES (511, 360210, 11604515, 'JANE CHEMUTAI', '254720443520', 11, 10);
INSERT INTO `Register` VALUES (512, 361037, 11604220, 'MARY CHEMUMBERE', '254724212130', 11, 10);
INSERT INTO `Register` VALUES (513, 362069, 13362652, 'RUTH JELIMO', '254723874555', 11, 10);
INSERT INTO `Register` VALUES (514, 367132, 11604962, 'DAVID MELI', '254712106292', 11, 10);
INSERT INTO `Register` VALUES (515, 367723, 9761856, 'PHILOMENA SIMATWO', '254710492956', 11, 10);
INSERT INTO `Register` VALUES (516, 370105, 13014319, 'SAMMY TERER', '254714964437', 11, 10);
INSERT INTO `Register` VALUES (517, 379079, 13364829, 'ESTHER CHEPKORIR', '254727408429', 11, 10);
INSERT INTO `Register` VALUES (518, 379085, 11604576, 'ELLY BITOK', '254725266113', 11, 10);
INSERT INTO `Register` VALUES (519, 383552, 12850741, 'BARNABAS ROP', '254721928246', 11, 10);
INSERT INTO `Register` VALUES (520, 383581, 13806388, 'MICHAEL KEMBOI', '254728377361', 11, 10);
INSERT INTO `Register` VALUES (521, 384015, 9158097, 'EVERLN JEPCHUMBA', '254720054086', 11, 10);
INSERT INTO `Register` VALUES (522, 397019, 12568253, 'JANE TANUI', '254726510182', 11, 10);
INSERT INTO `Register` VALUES (523, 406392, 13806197, 'NORMAN MUTAI', '254720986513', 11, 10);
INSERT INTO `Register` VALUES (524, 406476, 12469001, 'PETER SANG', '254720875405', 11, 10);
INSERT INTO `Register` VALUES (525, 407318, 13362881, 'RICHARD MALEL', '254707525453', 11, 10);
INSERT INTO `Register` VALUES (526, 408796, 13364561, 'PHILIP MELI', '254728949876', 11, 10);
INSERT INTO `Register` VALUES (527, 410162, 20201992, 'BRIGID SANG', '254724808993', 11, 10);
INSERT INTO `Register` VALUES (528, 410206, 13305923, 'PHILIP RONO', '254700220153', 11, 10);
INSERT INTO `Register` VALUES (529, 410314, 13292286, 'DANIEL NYANGO', '254727819344', 11, 10);
INSERT INTO `Register` VALUES (530, 422138, 11167013, 'SELLY JEPTOO', '254717153365', 11, 10);
INSERT INTO `Register` VALUES (531, 422155, 20127393, 'ELIUD MUTAI', '254714452020', 11, 10);
INSERT INTO `Register` VALUES (532, 425210, 21738221, 'RUGUT', '254723893500', 11, 10);
INSERT INTO `Register` VALUES (533, 439054, 11605823, 'STANLEY MUKALANI', '254723679952', 11, 10);
INSERT INTO `Register` VALUES (534, 455292, 21659787, 'EVANS RONO', '254724445389', 11, 10);
INSERT INTO `Register` VALUES (535, 455314, 20049675, 'JOSEPH KIPKEMBOI', '254700738380', 11, 10);
INSERT INTO `Register` VALUES (536, 472289, 22695180, 'PRISCAH TOO', '254717161876', 11, 10);
INSERT INTO `Register` VALUES (537, 496215, 24200601, 'CELESTINE JEPCHUMBA', '254703738914', 11, 10);
INSERT INTO `Register` VALUES (538, 541043, 23930753, 'WESLY ROTICH', '254719743498', 11, 10);
INSERT INTO `Register` VALUES (539, 564260, 22585618, 'RITAH KITUR', '254721997885', 1, 10);
INSERT INTO `Register` VALUES (542, 308673, 5276255, 'PETER KIBET CHEPKWONY', '254723365461', 5, 10);
INSERT INTO `Register` VALUES (543, 197208, 3289853, 'PHILIP MATUI', '254729973001', 5, 10);
INSERT INTO `Register` VALUES (544, 427005, 21797478, 'CLARAH JERONO', '254713749242', 7, 10);
INSERT INTO `Register` VALUES (546, 242614, 3286969, 'SIMEON SANG', '254721569105', 4, 10);
INSERT INTO `Register` VALUES (547, 237250, 4005828, 'SALLY TENAI', '254726832541', 2, 10);
INSERT INTO `Register` VALUES (548, 332653, 5276607, 'PHILIP MAIYO', '254710783520', 4, 10);
INSERT INTO `Register` VALUES (549, 512384, 23983307, 'CELESTINE CHEPKOECH', '254701884644', 2, 10);
INSERT INTO `Register` VALUES (550, 301970, 5567101, 'MICAH KIPTUM', '254714128774', 12, 10);
INSERT INTO `Register` VALUES (551, 440708, 22049922, 'DAVID MURGOR', '254728578910', 7, 10);
INSERT INTO `Register` VALUES (552, 246266, 8591882, 'SAMWEL RUTO', '254721899075', 2, 10);
INSERT INTO `Register` VALUES (553, 331059, 9869081, 'EMILY TANUI', '254729063423', 4, 10);
INSERT INTO `Register` VALUES (554, 249710, 5586923, 'CELESTINE JEPNGETICH', '254727343308', 1, 10);
INSERT INTO `Register` VALUES (555, 236271, 3999294, 'NAHAMAN METTO', '254710164396', 7, 10);
INSERT INTO `Register` VALUES (556, 422137, 10540588, 'PHILEMON CHIRCHIR', '254729019763', 1, 10);
INSERT INTO `Register` VALUES (557, 309599, 5612318, 'JOHN KOSGEI', '254722680814', 6, 10);
INSERT INTO `Register` VALUES (558, 455451, 21767469, 'KIPCHICHIR KETER', '254720318760', 6, 10);
INSERT INTO `Register` VALUES (559, 242659, 8591688, 'JOYCE BETT', '254726803063', 6, 10);
INSERT INTO `Register` VALUES (560, 270611, 8295342, 'LENAH BOIT', '254718065964', 1, 10);
INSERT INTO `Register` VALUES (561, 272156, 5276048, 'DANIEL CHERUIYOT', '254713817459', 11, 10);
INSERT INTO `Register` VALUES (562, 262559, 8716404, 'LENA BITTOK', '254717634645', 9, 10);
INSERT INTO `Register` VALUES (563, 287792, 7705461, 'JOHN TANUI', '254710221438', 9, 10);
INSERT INTO `Register` VALUES (564, 202880, 3816739, 'PRISCA CHUMO', '254723614655', 9, 10);
INSERT INTO `Register` VALUES (565, 361047, 11167224, 'JOSPHAT CHERUIYOT', '254707683704', 1, 10);
INSERT INTO `Register` VALUES (566, 165150, 7629111, 'ELIJAH SIELE', '254718785331', 11, 10);
INSERT INTO `Register` VALUES (567, 381335, 13363302, 'HELLEN SEREM', '254724759864', 7, 10);
INSERT INTO `Register` VALUES (568, 406475, 14724713, 'PETER KOECH', '254719127763', 2, 10);
INSERT INTO `Register` VALUES (569, 319566, 3291470, 'DAVID NGATAT', '254729309847', 2, 10);
INSERT INTO `Register` VALUES (570, 380778, 13305608, 'JOSPHAT KORIR', '254714051712', 6, 10);
INSERT INTO `Register` VALUES (571, 112, 24778345, 'DOMINIC', '254725435296', 1, 10);

-- ----------------------------
-- Table structure for Register_bk
-- ----------------------------
DROP TABLE IF EXISTS `Register_bk`;
CREATE TABLE `Register_bk`  (
  `ID` int(11) NOT NULL AUTO_INCREMENT,
  `TSC_No` int(11) NULL DEFAULT NULL,
  `ID_Number` varbinary(11) NOT NULL,
  `Name` varchar(255) CHARACTER SET latin1 COLLATE latin1_swedish_ci NULL DEFAULT NULL,
  `Phone` varchar(255) CHARACTER SET latin1 COLLATE latin1_swedish_ci NULL DEFAULT '0',
  `Division_ID` int(11) NULL DEFAULT NULL,
  `Status` int(11) NULL DEFAULT NULL,
  PRIMARY KEY (`ID`) USING BTREE,
  UNIQUE INDEX `TSC_No`(`TSC_No`) USING BTREE,
  INDEX `Status`(`Status`) USING BTREE,
  INDEX `Register_ibfk_3`(`Division_ID`) USING BTREE,
  CONSTRAINT `Register_bk_ibfk_1` FOREIGN KEY (`Division_ID`) REFERENCES `Division` (`ID`) ON DELETE CASCADE ON UPDATE CASCADE,
  CONSTRAINT `Register_bk_ibfk_2` FOREIGN KEY (`Status`) REFERENCES `Status_Code` (`Status_Code`) ON DELETE CASCADE ON UPDATE CASCADE
) ENGINE = InnoDB AUTO_INCREMENT = 572 CHARACTER SET = latin1 COLLATE = latin1_swedish_ci ROW_FORMAT = Dynamic;

-- ----------------------------
-- Records of Register_bk
-- ----------------------------
INSERT INTO `Register_bk` VALUES (2, 126090, 0x36303032393737, 'JOHN KIPKEMOI', '254720646978', 3, 10);
INSERT INTO `Register_bk` VALUES (3, 129673, 0x31373938353337, 'MARK SEREM', '254713061877', 4, 10);
INSERT INTO `Register_bk` VALUES (4, 132993, 0x30373730363739, 'LAZARUS TANUI', '254726492651', 4, 10);
INSERT INTO `Register_bk` VALUES (5, 138561, 0x35323230343634, 'LINUS KIPLAGAT RONOH', '254721762747', 3, 10);
INSERT INTO `Register_bk` VALUES (6, 138583, 0x35363036393835, 'WILLIAM KOECH', '254715790205', 1, 10);
INSERT INTO `Register_bk` VALUES (7, 139688, 0x31333232363938, 'DAVID KOSGEI', '254722942431', 2, 10);
INSERT INTO `Register_bk` VALUES (8, 145984, 0x31323530363730, 'DINAH JEPTUM BITOK', '254723044602', 1, 10);
INSERT INTO `Register_bk` VALUES (9, 149808, 0x33343435303831, 'KENNEDY KIPRONO KALYA', '07231234597', 1, 10);
INSERT INTO `Register_bk` VALUES (10, 150015, 0x31323530303932, 'JULIUS BUNEI', '254723642550', 1, 10);
INSERT INTO `Register_bk` VALUES (11, 150212, 0x31323435303934, 'JACKSON R KIPLIMO', '254723576284', 1, 10);
INSERT INTO `Register_bk` VALUES (12, 150978, 0x30373730303338, 'SAMMY KIPKOECH RONO', '254726626362', 5, 10);
INSERT INTO `Register_bk` VALUES (13, 151157, 0x31323434363633, 'NICHOLAS BWAMBOK', '0725435296', 1, 10);
INSERT INTO `Register_bk` VALUES (14, 151163, 0x30323836383433, 'Choge Philiph', '254725051159', 1, 10);
INSERT INTO `Register_bk` VALUES (15, 151171, 0x33323634353538, 'Elijah Kipkorir Rono', '254724603649', 2, 10);
INSERT INTO `Register_bk` VALUES (16, 153484, 0x30343537353431, 'JOHN KOECH', '254723877267', 5, 10);
INSERT INTO `Register_bk` VALUES (17, 154505, 0x31383030313032, 'KIMUTAI TURGUT', '254711645858', 3, 10);
INSERT INTO `Register_bk` VALUES (18, 155558, 0x31343437353034, 'SELINA J MURREY', '254726834991', 4, 10);
INSERT INTO `Register_bk` VALUES (19, 155630, 0x30343536343437, 'Henry Kibiego Tarus', '254721730148', 4, 10);
INSERT INTO `Register_bk` VALUES (20, 155662, 0x33343435353734, 'MONICA J BORE', '254723148880', 7, 10);
INSERT INTO `Register_bk` VALUES (21, 157986, 0x30323334363430, 'KIBIRECH JACKSON', '254723395986', 4, 10);
INSERT INTO `Register_bk` VALUES (22, 160265, 0x30343438323832, 'NIXON KOECH', '254700275001', 7, 10);
INSERT INTO `Register_bk` VALUES (23, 160323, 0x30343438323137, 'ANGELINE KIPRONO', '254720862392', 2, 10);
INSERT INTO `Register_bk` VALUES (24, 160376, 0x30343438383833, 'Jael J   BARNO', '254720106166', 6, 10);
INSERT INTO `Register_bk` VALUES (25, 161254, 0x34303034383637, 'BEN ROP ', '254726763248', 1, 10);
INSERT INTO `Register_bk` VALUES (26, 161268, 0x33343435303039, 'MAURICE KEMBOI', '254735329021', 7, 10);
INSERT INTO `Register_bk` VALUES (27, 165274, 0x33323731353334, 'ROTICH KIMISIK', '254721936108', 7, 10);
INSERT INTO `Register_bk` VALUES (28, 165479, 0x34313530313032, 'PETER TUM', '254724588141', 2, 10);
INSERT INTO `Register_bk` VALUES (29, 166271, 0x31323230363136, 'KIPCHOGE KARONEI', '254724469219', 1, 10);
INSERT INTO `Register_bk` VALUES (30, 170880, 0x33323930323534, 'KEMBOI ISAAC', '254721468822', 7, 10);
INSERT INTO `Register_bk` VALUES (31, 170914, 0x33323931303333, 'TECLA JEBOTIB', '254728144433', 7, 10);
INSERT INTO `Register_bk` VALUES (32, 173335, 0x31323434373239, 'KEINO KIPRUGUT', '254723419072', 1, 10);
INSERT INTO `Register_bk` VALUES (33, 173338, 0x31383131333331, 'JONATHAN MAGUT', '254726131454', 1, 10);
INSERT INTO `Register_bk` VALUES (34, 173390, 0x33323537393230, 'KIPKOECH MATHEW', '254729090930', 6, 10);
INSERT INTO `Register_bk` VALUES (35, 175821, 0x31383031353237, 'Kipkoech Rotich', '254729020707', 3, 10);
INSERT INTO `Register_bk` VALUES (36, 176093, 0x33323839383539, 'HENRY BICHIY', '254722392226', 6, 10);
INSERT INTO `Register_bk` VALUES (37, 176095, 0x31323231303739, 'Josphat Lelaimooi Sang', '254720694533', 2, 10);
INSERT INTO `Register_bk` VALUES (38, 176415, 0x31323231303137, 'RONALD TUM', '254721751641', 8, 10);
INSERT INTO `Register_bk` VALUES (39, 176447, 0x31323435373534, 'SOLOMON TIROP', '254719184527', 1, 10);
INSERT INTO `Register_bk` VALUES (40, 177206, 0x31323439383732, 'MUIGEI MARY JEPKEMEI', '254721832113', 4, 10);
INSERT INTO `Register_bk` VALUES (41, 179202, 0x33323839393435, 'ALFRED NGETUNY', '254724759941', 7, 10);
INSERT INTO `Register_bk` VALUES (42, 180205, 0x30333335333139, 'PHILLIP K   TARUS', '254729341273', 5, 10);
INSERT INTO `Register_bk` VALUES (43, 180219, 0x36323232393430, 'ELIZABETH BOR', '254723432172', 6, 10);
INSERT INTO `Register_bk` VALUES (44, 180226, 0x31323231383931, 'PAUL KIPSANG KOROS', '254727501753', 7, 10);
INSERT INTO `Register_bk` VALUES (45, 180466, 0x33323634333832, 'JOEL KIRUI', '254720129360', 8, 10);
INSERT INTO `Register_bk` VALUES (46, 181233, 0x31323531343039, 'THOMAS KIPLETING', '254724602681', 1, 10);
INSERT INTO `Register_bk` VALUES (47, 182541, 0x31343431373931, 'RUTTO NEHEMIAH', '254723829525', 5, 10);
INSERT INTO `Register_bk` VALUES (48, 183370, 0x33323834303335, 'SYLVESTER B KIRWA', '254724788655', 5, 10);
INSERT INTO `Register_bk` VALUES (49, 183652, 0x31373830373137, 'EMMY KAVERE CHEMAI', '254726923541', 7, 10);
INSERT INTO `Register_bk` VALUES (50, 188679, 0x35353934383835, 'PAUL KIRWA CHEPKWONY', '254712177981', 2, 10);
INSERT INTO `Register_bk` VALUES (51, 189358, 0x35363036313531, 'JOHN KIPKETER LEL', '254729217672', 4, 10);
INSERT INTO `Register_bk` VALUES (52, 197059, 0x30333334363230, 'JANE KAMAR', '254713520189', 1, 10);
INSERT INTO `Register_bk` VALUES (53, 197126, 0x30343438343139, 'REUBEN NGETICH', '254725714720', 4, 10);
INSERT INTO `Register_bk` VALUES (54, 197135, 0x35363036313534, 'MESHACK SEREM', '254725439914', 4, 10);
INSERT INTO `Register_bk` VALUES (55, 197154, 0x33323635363434, 'PAUL KEMBOI', '254727120441', 8, 10);
INSERT INTO `Register_bk` VALUES (56, 197168, 0x35353936323533, 'SUSAN CHEPCHUMBA', '0', 1, 10);
INSERT INTO `Register_bk` VALUES (57, 201797, 0x33323735363236, 'SAMMY IRATSIA', '254720859970', 1, 10);
INSERT INTO `Register_bk` VALUES (58, 202089, 0x35363132313330, 'WILLIAM TARUS', '254722147909', 6, 10);
INSERT INTO `Register_bk` VALUES (59, 202339, 0x31323230373136, 'ROSEBELLA KIRONGO', '254720755086', 2, 10);
INSERT INTO `Register_bk` VALUES (60, 202340, 0x33323531373330, 'TERTIUS BIRECH', '254723995364', 9, 10);
INSERT INTO `Register_bk` VALUES (61, 202398, 0x33323839343838, 'KOGO KIPLANGAT', '254727923554', 7, 10);
INSERT INTO `Register_bk` VALUES (62, 202735, 0x34303031333331, 'KOSGEI EMMANUEL', '254720749399', 6, 10);
INSERT INTO `Register_bk` VALUES (63, 210426, 0x33393938303136, 'MILKA SAWE', '254729875669', 4, 10);
INSERT INTO `Register_bk` VALUES (64, 210599, 0x33343439303131, 'PETER KURGAT', '254720360977', 9, 10);
INSERT INTO `Register_bk` VALUES (65, 211050, 0x30373337323235, 'BWOBURU MOHAMED', '254720579611', 3, 10);
INSERT INTO `Register_bk` VALUES (66, 211277, 0x33383730313431, 'SIMION NGENY', '254728159252', 5, 10);
INSERT INTO `Register_bk` VALUES (67, 211486, 0x33323839393437, 'JULIUS SAINA', '254725736665', 7, 10);
INSERT INTO `Register_bk` VALUES (68, 211488, 0x30343537343138, 'KIPCHOGE SAINA', '254724364412', 1, 10);
INSERT INTO `Register_bk` VALUES (69, 211492, 0x31323231383132, 'PAUL TUWEI', '254705709696', 6, 10);
INSERT INTO `Register_bk` VALUES (70, 211916, 0x31323231313239, 'MUSA KARAN', '254727031846', 5, 10);
INSERT INTO `Register_bk` VALUES (71, 211937, 0x33323930313831, 'ERNEST MURSOI', '254724364544', 7, 10);
INSERT INTO `Register_bk` VALUES (72, 212422, 0x30, 'MARK KORIR', '0', 5, 10);
INSERT INTO `Register_bk` VALUES (73, 212507, 0x34303037343532, 'DANIEL KEINO', '254702969668', 8, 10);
INSERT INTO `Register_bk` VALUES (74, 212616, 0x31323231313234, 'FREDRICH CHEPSIROR', '254723797579', 1, 10);
INSERT INTO `Register_bk` VALUES (75, 212658, 0x30343437313033, 'JOSEPH BOGONG', '254702206489', 1, 10);
INSERT INTO `Register_bk` VALUES (76, 217172, 0x33393938303631, 'NAOMI CHERUIYOT', '0', 4, 10);
INSERT INTO `Register_bk` VALUES (77, 217214, 0x33323835373632, 'PHILIP KIPCHUMBA', '254724517555', 5, 10);
INSERT INTO `Register_bk` VALUES (78, 217217, 0x33323737333235, 'JOASH KESBAI', '254704496478', 5, 10);
INSERT INTO `Register_bk` VALUES (79, 217224, 0x33393939333334, 'KIPKEMBOI TOO', '254716427681', 1, 10);
INSERT INTO `Register_bk` VALUES (80, 217264, 0x33323737303835, 'JOHN KOECH', '254728688131', 8, 10);
INSERT INTO `Register_bk` VALUES (81, 217265, 0x33323639323839, 'JAMES SAWE', '254714405269', 5, 10);
INSERT INTO `Register_bk` VALUES (82, 217276, 0x35353839343739, 'CHRISTOPHER BIWOTT', '254720491822', 9, 10);
INSERT INTO `Register_bk` VALUES (83, 217300, 0x33323930333937, 'FREDRICK KOSGEI', '254720223415', 7, 10);
INSERT INTO `Register_bk` VALUES (84, 217313, 0x36383734323933, 'JULIUS BIRIR', '254723451996', 7, 10);
INSERT INTO `Register_bk` VALUES (85, 217343, 0x37313634303833, 'DAVID KIMETO', '0', 3, 10);
INSERT INTO `Register_bk` VALUES (86, 217370, 0x33323736383238, 'Chirchir KIPTOO', '254722598013', 5, 10);
INSERT INTO `Register_bk` VALUES (87, 217398, 0x35393939383535, 'ELISHA SAWE', '254721447625', 6, 10);
INSERT INTO `Register_bk` VALUES (88, 217404, 0x33323534303934, 'PAULINE SANG', '254722696303', 9, 10);
INSERT INTO `Register_bk` VALUES (89, 218558, 0x33323439333436, 'KIPTOO TUWEI', '254720264854', 6, 10);
INSERT INTO `Register_bk` VALUES (90, 223780, 0x30, 'JOHN ROTICH', 'Not Provided', 11, 10);
INSERT INTO `Register_bk` VALUES (91, 225008, 0x35363034303730, 'TANUI RICHARD', '254728462415', 9, 10);
INSERT INTO `Register_bk` VALUES (92, 225180, 0x33323436373733, 'SHADRACK TEIGONG', '254722425576', 9, 10);
INSERT INTO `Register_bk` VALUES (93, 225183, 0x30373732343835, 'PAUL SANG', '254726800993', 2, 10);
INSERT INTO `Register_bk` VALUES (94, 227047, 0x36343331353833, 'ALEX C SINGEN', '0', 2, 10);
INSERT INTO `Register_bk` VALUES (95, 227071, 0x323237303731, 'TITUS MEMBER', 'Not Provided', 11, 10);
INSERT INTO `Register_bk` VALUES (96, 229663, 0x33323930363331, 'JOHN ROTICH', '254720297614', 7, 10);
INSERT INTO `Register_bk` VALUES (97, 230320, 0x36343335303838, 'Yator David', '254724348481', 3, 10);
INSERT INTO `Register_bk` VALUES (98, 404686, 0x3134363932393139, 'KIMAIYO SINGOEI', '254728991925', 2, 10);
INSERT INTO `Register_bk` VALUES (99, 230630, 0x36323937383133, 'STANLEY MAITSI', '254713378901', 5, 10);
INSERT INTO `Register_bk` VALUES (100, 230967, 0x37333734303838, 'JOSHUA BUTIA', '254724204746', 1, 10);
INSERT INTO `Register_bk` VALUES (101, 232464, 0x33323737303838, 'PIUS KOSGEI', 'Not Provided', 11, 10);
INSERT INTO `Register_bk` VALUES (102, 233520, 0x33323534393733, 'ESPHON SAMOEI', '254722284432', 9, 10);
INSERT INTO `Register_bk` VALUES (103, 233701, 0x35363131353438, 'HILLARY KITUR', 'Not Provided', 11, 10);
INSERT INTO `Register_bk` VALUES (104, 233754, 0x35353937323430, 'TITUS KIMOSBEI', '0', 9, 10);
INSERT INTO `Register_bk` VALUES (105, 233765, 0x34303032303830, 'SILVESTER BITOK', '254710326049', 7, 10);
INSERT INTO `Register_bk` VALUES (106, 234347, 0x33323736393432, 'DAVID BITOK', '254720873518', 5, 10);
INSERT INTO `Register_bk` VALUES (107, 234348, 0x35353734393230, 'JONAH KEMEI', '254724839860', 6, 10);
INSERT INTO `Register_bk` VALUES (108, 234620, 0x31313735373832, 'CHARLES CHIRCHIR', '254710819815', 5, 10);
INSERT INTO `Register_bk` VALUES (109, 234818, 0x30393332393034, 'BETTY KOECH', '254721780827', 5, 10);
INSERT INTO `Register_bk` VALUES (110, 234927, 0x33343435373233, 'EUNICE KIGEN', '254724150918', 1, 10);
INSERT INTO `Register_bk` VALUES (111, 234935, 0x31323230373233, 'THOMAS YEGO', '254713258720', 1, 10);
INSERT INTO `Register_bk` VALUES (112, 236175, 0x30323737333736, 'JOHN CHELUGET SONGOL', '254725499007', 2, 10);
INSERT INTO `Register_bk` VALUES (113, 237270, 0x36323232383332, 'JAMEN LAGAT', '254725998813', 2, 10);
INSERT INTO `Register_bk` VALUES (114, 237283, 0x33323836393836, 'MATHEW NGENY', '254725527543', 1, 10);
INSERT INTO `Register_bk` VALUES (115, 237286, 0x33323837333833, 'PHILIP LIMO', '254725580239', 5, 10);
INSERT INTO `Register_bk` VALUES (116, 238234, 0x3136303733393936, 'ROBERT ROTICH', '254723828795', 5, 10);
INSERT INTO `Register_bk` VALUES (117, 240851, 0x34303034313031, 'JACOB KIRWA', '254722150368', 8, 10);
INSERT INTO `Register_bk` VALUES (118, 241568, 0x35363137363839, 'TERESA KORIR', '254702857070', 1, 10);
INSERT INTO `Register_bk` VALUES (119, 241614, 0x38353931313139, 'PHILIP LELEI', 'Not Provided', 11, 10);
INSERT INTO `Register_bk` VALUES (120, 242627, 0x38353930353130, 'SANG KISIRGONG', '254723653460', 3, 10);
INSERT INTO `Register_bk` VALUES (121, 242643, 0x38303739323135, 'ELIMINA OMBUDU', '254720315844', 3, 10);
INSERT INTO `Register_bk` VALUES (122, 242645, 0x38373135383037, 'PAUL K KETER', '254722433563', 6, 10);
INSERT INTO `Register_bk` VALUES (123, 243997, 0x35353731373539, 'DAVID INYANJE', '254725361781', 5, 10);
INSERT INTO `Register_bk` VALUES (124, 244492, 0x38373135393438, 'AUGUSTINE KOSGEI', '254715245519', 2, 10);
INSERT INTO `Register_bk` VALUES (125, 244506, 0x37313639323431, 'CHRISTOPHER ROP', '254724143030', 2, 10);
INSERT INTO `Register_bk` VALUES (126, 245638, 0x33323436383037, 'PHILIP MOROGO', '254726417997', 9, 10);
INSERT INTO `Register_bk` VALUES (127, 246149, 0x35353833343536, 'SAMUEL MELI', '254720963723', 4, 10);
INSERT INTO `Register_bk` VALUES (128, 246157, 0x35353836363830, 'GEORGE KAVAZIKA', '254724819178', 5, 10);
INSERT INTO `Register_bk` VALUES (129, 246158, 0x38353931393630, 'ELIZABA JEMUTAI', '254723664562', 4, 10);
INSERT INTO `Register_bk` VALUES (130, 246179, 0x36363634333631, 'SAMUEL TARUS', 'Not Provided', 11, 10);
INSERT INTO `Register_bk` VALUES (131, 246187, 0x37313033353931, 'BEN MACHII', '254721418764', 3, 10);
INSERT INTO `Register_bk` VALUES (132, 246190, 0x38393638353233, 'KENETH KIRUI', '254721852413', 3, 10);
INSERT INTO `Register_bk` VALUES (133, 246270, 0x35353731373037, 'Naftali Sang', '254712532903', 5, 10);
INSERT INTO `Register_bk` VALUES (134, 246272, 0x38353930353132, 'JOEL KEMEI', '254722286533', 3, 10);
INSERT INTO `Register_bk` VALUES (135, 246902, 0x34303235333832, 'BARNABA LAGAT', '254721883819', 4, 10);
INSERT INTO `Register_bk` VALUES (136, 247413, 0x38353931373937, 'DANIEL TARUS', '254726733799', 9, 10);
INSERT INTO `Register_bk` VALUES (137, 248722, 0x38353930353835, 'DAVID KIPLAGAT', '254722407618', 5, 10);
INSERT INTO `Register_bk` VALUES (138, 248916, 0x36363635373030, 'LENA TIONY', 'Not Provided', 11, 10);
INSERT INTO `Register_bk` VALUES (139, 248979, 0x33383136373330, 'EUNICE YEGO', '254720574001', 9, 10);
INSERT INTO `Register_bk` VALUES (140, 249212, 0x33323639333239, 'CHRISTOPHER KIRUI', '254727689198', 8, 10);
INSERT INTO `Register_bk` VALUES (141, 249637, 0x35353937353633, 'BARNABAS RONO', '254721948674', 4, 10);
INSERT INTO `Register_bk` VALUES (142, 249711, 0x35363133363839, 'DAVID KETER', '254710269586', 9, 10);
INSERT INTO `Register_bk` VALUES (143, 249729, 0x35353837343434, 'MARK KERING', '254722450614', 4, 10);
INSERT INTO `Register_bk` VALUES (144, 250998, 0x36363635363832, 'CLARAH KITUR', '254720250394', 9, 10);
INSERT INTO `Register_bk` VALUES (145, 251628, 0x35353932383733, 'SAMUEL AGUI', '254724857284', 7, 10);
INSERT INTO `Register_bk` VALUES (146, 251899, 0x33393336333138, 'MILCAH KIMETO', '254720422159', 9, 10);
INSERT INTO `Register_bk` VALUES (147, 252056, 0x34373335343237, 'MARY TOO', '254723037339', 1, 10);
INSERT INTO `Register_bk` VALUES (148, 252345, 0x33323639373138, 'JOSEPH METTO', '254725125938', 8, 10);
INSERT INTO `Register_bk` VALUES (149, 252790, 0x38353930353934, 'JAMES MWEI', '254723479528', 5, 10);
INSERT INTO `Register_bk` VALUES (150, 252792, 0x33323930363430, 'EVERLINE JEPTOO', '254702617492', 9, 10);
INSERT INTO `Register_bk` VALUES (151, 254219, 0x37313131343336, 'JULIUS ROP', '254722286659', 6, 10);
INSERT INTO `Register_bk` VALUES (152, 256999, 0x36323938373635, 'SAMEUL OMAMO', '254726744778', 1, 10);
INSERT INTO `Register_bk` VALUES (153, 257014, 0x39313538323131, 'SIMEON LAGAT', '254720406339', 3, 10);
INSERT INTO `Register_bk` VALUES (154, 257080, 0x36363635393333, 'SILAS KETER', '254790661142', 2, 10);
INSERT INTO `Register_bk` VALUES (155, 257088, 0x33393336393334, 'KIBET SAMOEI', '254720832479', 3, 10);
INSERT INTO `Register_bk` VALUES (156, 257120, 0x38353930353030, 'KIMNGETICH TANUI', '254721226005', 6, 10);
INSERT INTO `Register_bk` VALUES (157, 257127, 0x38353930343935, 'Emily Chelanga Siror', '254711545742', 1, 10);
INSERT INTO `Register_bk` VALUES (158, 257777, 0x39313538323236, 'JULIUS KERICH', '254724875610', 2, 10);
INSERT INTO `Register_bk` VALUES (159, 261359, 0x33393939323038, 'KITUR THOMAS', '254726761591', 8, 10);
INSERT INTO `Register_bk` VALUES (160, 261369, 0x35323736363635, 'TIMOTHY BONYEI', '254707580223', 9, 10);
INSERT INTO `Register_bk` VALUES (161, 261858, 0x39313538323632, 'JAMES KETER', '254717795615', 3, 10);
INSERT INTO `Register_bk` VALUES (162, 261859, 0x37313131383337, 'DAVID SIROR', '254723893873', 7, 10);
INSERT INTO `Register_bk` VALUES (163, 261861, 0x36363635323633, 'JOSEPH SAMOEI', '254727824653', 7, 10);
INSERT INTO `Register_bk` VALUES (164, 266403, 0x38353931353238, 'KENNEDY OCHEGO', '254712075428', 1, 10);
INSERT INTO `Register_bk` VALUES (165, 266931, 0x38393639393036, 'TRUPHOSA KOECH', '254729826624', 4, 10);
INSERT INTO `Register_bk` VALUES (166, 267659, 0x35353933323039, 'NICHOLAS KERICH', '254720286141', 9, 10);
INSERT INTO `Register_bk` VALUES (167, 270489, 0x36363635383233, 'ROSE CHEPCHIRCHIR', '254728503744', 9, 10);
INSERT INTO `Register_bk` VALUES (168, 270608, 0x35353836343330, 'HELLEN JERUBET', 'Not Provided', 11, 10);
INSERT INTO `Register_bk` VALUES (169, 275063, 0x39363030323139, 'JEREMIA LANGAT', '254704482657', 3, 10);
INSERT INTO `Register_bk` VALUES (170, 278069, 0x36363635343731, 'SAMWEL KOECH', 'N/A', 4, 10);
INSERT INTO `Register_bk` VALUES (171, 278435, 0x39343630323137, 'SABINA SEUREI', '254714870977', 6, 10);
INSERT INTO `Register_bk` VALUES (172, 283012, 0x39383638383234, 'DAVID TANUI', 'N/A', 1, 10);
INSERT INTO `Register_bk` VALUES (173, 283790, 0x38343739313731, 'JULIUS KESSIO', '254722391826', 5, 10);
INSERT INTO `Register_bk` VALUES (174, 284273, 0x38393638373632, 'JOHN KIPTUM', '254724628271', 7, 10);
INSERT INTO `Register_bk` VALUES (175, 284274, 0x37343435343638, 'BARNABAS KOROS', '254722146147', 7, 10);
INSERT INTO `Register_bk` VALUES (176, 288720, 0x33323637313237, 'CLARAH KOECH', '254728431085', 8, 10);
INSERT INTO `Register_bk` VALUES (177, 289800, 0x35353936303233, 'GETHRUDE JELAGAT SONGOK', '254727830570', 9, 10);
INSERT INTO `Register_bk` VALUES (178, 290480, 0x37343434303235, 'WESLEY LANDICH', 'Not Provided', 11, 10);
INSERT INTO `Register_bk` VALUES (179, 290512, 0x39383730333137, 'SEREM KIPTOO', '254722289367', 5, 10);
INSERT INTO `Register_bk` VALUES (180, 292968, 0x39383836353333, 'LINNER KETER', '254707093559', 7, 10);
INSERT INTO `Register_bk` VALUES (181, 296739, 0x39313538303837, 'DAVID KIPTOO KEMBOI', '254726476590', 1, 10);
INSERT INTO `Register_bk` VALUES (182, 296748, 0x34303037393433, 'FRANCIS KEMEI', 'Not Provided', 11, 10);
INSERT INTO `Register_bk` VALUES (183, 297013, 0x38353930393433, 'NAFTALI KOGO', '254723958396', 6, 10);
INSERT INTO `Register_bk` VALUES (184, 297089, 0x38393639303132, 'JOSEPH KIPROP', '254721945133', 8, 10);
INSERT INTO `Register_bk` VALUES (185, 297717, 0x39393931373039, 'GEORGINA KOEI', '254727795745', 5, 10);
INSERT INTO `Register_bk` VALUES (186, 299541, 0x31373936393632, 'JENNIFER MELLY', '254722366895', 4, 10);
INSERT INTO `Register_bk` VALUES (187, 299957, 0x39313031383831, 'SONGOK DAVID', '0', 5, 10);
INSERT INTO `Register_bk` VALUES (188, 301028, 0x35353636393433, 'PETER SEREM', '254720419156', 5, 10);
INSERT INTO `Register_bk` VALUES (189, 301889, 0x37313131343438, 'JAPHETH MUTAI', '254700639915', 2, 10);
INSERT INTO `Register_bk` VALUES (190, 301890, 0x39313031313034, 'JUXMCQUINYX KOECH', '254734672997', 1, 10);
INSERT INTO `Register_bk` VALUES (191, 301972, 0x33323436373730, 'JOHANA MARITIM', '254712075474', 9, 10);
INSERT INTO `Register_bk` VALUES (192, 302000, 0x35353932383931, 'ESTHER J SITIENEI', '254723283572', 7, 10);
INSERT INTO `Register_bk` VALUES (193, 306122, 0x36353836343335, 'JOSHUA KIBET BALOZ', '254720638474', 8, 10);
INSERT INTO `Register_bk` VALUES (194, 309496, 0x39313539383533, 'EMILY CHIRCHIR', '254725585051', 5, 10);
INSERT INTO `Register_bk` VALUES (195, 309505, 0x35353637333832, 'JAMES TARUS', '254727044097', 5, 10);
INSERT INTO `Register_bk` VALUES (196, 309573, 0x39383638313834, 'EZEKIEL BIWWOTT', '254728043466', 3, 10);
INSERT INTO `Register_bk` VALUES (197, 309583, 0x39383731363238, 'MATIRIM KIPLIMO', '254717670678', 3, 10);
INSERT INTO `Register_bk` VALUES (198, 309600, 0x36363635373339, 'JOSHUA SANGA', '254724466889', 6, 10);
INSERT INTO `Register_bk` VALUES (199, 310734, 0x39393930353835, 'KILAGAT ISAAC', '254723502629', 6, 10);
INSERT INTO `Register_bk` VALUES (200, 310737, 0x39363031303430, 'FRANCIS YEGO', '254721339603', 6, 10);
INSERT INTO `Register_bk` VALUES (201, 312437, 0x30323532373036, 'WILLIAM KOSGEI', 'Not Provided', 11, 10);
INSERT INTO `Register_bk` VALUES (202, 314609, 0x37333532343732, 'PHILIP TOGOM', '254718533999', 7, 10);
INSERT INTO `Register_bk` VALUES (203, 315141, 0x39313031313535, 'DAVID CHEPKWONY', '254720409126', 6, 10);
INSERT INTO `Register_bk` VALUES (204, 316514, 0x39313031323930, 'CHEPKWONY JOSEPH', '0', 7, 10);
INSERT INTO `Register_bk` VALUES (205, 316663, 0x39393931343634, 'JOHN NGENY', '0', 8, 10);
INSERT INTO `Register_bk` VALUES (206, 317029, 0x34303037373735, 'GEORGE ROTICH', '254724638687', 1, 10);
INSERT INTO `Register_bk` VALUES (207, 317740, 0x39383731393436, 'ALEX KOECH', '254727824670', 1, 10);
INSERT INTO `Register_bk` VALUES (208, 318098, 0x38373133333638, 'GABRIEL BOR', '254710980130', 3, 10);
INSERT INTO `Register_bk` VALUES (209, 318100, 0x38393638343235, 'SOLOMON BIWOT', '254720719946', 7, 10);
INSERT INTO `Register_bk` VALUES (210, 318102, 0x38353931343732, 'JOSPHAT CHEMAI', '254720541754', 5, 10);
INSERT INTO `Register_bk` VALUES (211, 318341, 0x39383731323532, 'METHUSELA SANGA', 'Not Provided', 11, 10);
INSERT INTO `Register_bk` VALUES (212, 318342, 0x39313031333432, 'JOSHUA CHUMO', '254724743792', 7, 10);
INSERT INTO `Register_bk` VALUES (213, 319085, 0x38353931323237, 'ELIZABETH BIRGEN', 'Not Provided', 11, 10);
INSERT INTO `Register_bk` VALUES (214, 319197, 0x38353931303738, 'LEZEBER BITOK', '254725406561', 1, 10);
INSERT INTO `Register_bk` VALUES (215, 319204, 0x39313031323332, 'GEORGE ROBB', '254726606094', 1, 10);
INSERT INTO `Register_bk` VALUES (216, 319209, 0x34303031323837, 'MARY CHELIMO', '254723407742', 8, 10);
INSERT INTO `Register_bk` VALUES (217, 319216, 0x39383639383930, 'EUNICE ROP', '254725554982', 7, 10);
INSERT INTO `Register_bk` VALUES (218, 319363, 0x39383730393631, 'ELIZABETH BETT', '254727550308', 1, 10);
INSERT INTO `Register_bk` VALUES (219, 319565, 0x39383639303434, 'PROTUS MUGE', '254705256709', 6, 10);
INSERT INTO `Register_bk` VALUES (220, 319567, 0x39383730333336, 'HENRY MAIYO', '254723733692', 7, 10);
INSERT INTO `Register_bk` VALUES (221, 320032, 0x38393638333835, 'HENRY OGETO', 'Not Provided', 11, 10);
INSERT INTO `Register_bk` VALUES (222, 321057, 0x39393930343236, 'JOHNSON KIRWA', '254727856783', 2, 10);
INSERT INTO `Register_bk` VALUES (223, 321058, 0x39313538383635, 'Francis Too', '254728653964', 4, 10);
INSERT INTO `Register_bk` VALUES (224, 321446, 0x38393639363737, 'SILAS KABIY', '254721885855', 1, 10);
INSERT INTO `Register_bk` VALUES (225, 326191, 0x3130353430363036, 'DANIEL RUTTO', '0', 2, 10);
INSERT INTO `Register_bk` VALUES (226, 326684, 0x3236383530363631, 'BENJAMIN KEMBOI', '0', 5, 10);
INSERT INTO `Register_bk` VALUES (227, 328803, 0x35353731333033, 'SERONEY BARNABA', '254712292681', 8, 10);
INSERT INTO `Register_bk` VALUES (228, 329194, 0x39313539383333, 'Anne J Sang', '254713052085', 4, 10);
INSERT INTO `Register_bk` VALUES (229, 329201, 0x3130353430353034, 'LULY DAVID', '254726936326', 9, 10);
INSERT INTO `Register_bk` VALUES (230, 329202, 0x3130353430343235, 'KENNETH BIRGEN', '254720807575', 4, 10);
INSERT INTO `Register_bk` VALUES (231, 330445, 0x39363033363335, 'SAMMY SEREM', '0', 9, 10);
INSERT INTO `Register_bk` VALUES (232, 330873, 0x3130353430383732, 'JUDAH SAINA', '254724945473', 2, 10);
INSERT INTO `Register_bk` VALUES (233, 331056, 0x36363635313436, 'EDWIN RONO', 'Not Provided', 11, 10);
INSERT INTO `Register_bk` VALUES (234, 331335, 0x3130323230303038, 'ELIZABA BUTIA', '254722589227', 4, 10);
INSERT INTO `Register_bk` VALUES (235, 331434, 0x39313539333730, 'FLOMENA CHOGE', '254710279253', 8, 10);
INSERT INTO `Register_bk` VALUES (236, 332127, 0x3130353430353932, 'RICHARD KIRONG', 'Not Provided', 11, 10);
INSERT INTO `Register_bk` VALUES (237, 337922, 0x3130343435363632, 'PAULINE CHEPKOECH', '254726263237', 9, 10);
INSERT INTO `Register_bk` VALUES (238, 339105, 0x39393931373531, 'JEMELI LEAH', '254727805726', 1, 10);
INSERT INTO `Register_bk` VALUES (239, 339113, 0x39363032353035, 'LINUS KEMBOI', 'Not Provided', 11, 10);
INSERT INTO `Register_bk` VALUES (240, 339126, 0x39383731353335, 'ALPHONXE MILIMO', '254725002800', 1, 10);
INSERT INTO `Register_bk` VALUES (241, 340521, 0x3131303234323937, 'ELIAKIM CHEPTOCH', '254729607723', 5, 10);
INSERT INTO `Register_bk` VALUES (242, 340798, 0x35353833323037, 'SAMMY CHERUIYOT', '0', 8, 10);
INSERT INTO `Register_bk` VALUES (243, 341454, 0x3130353430343938, 'BENJAMIN KEINO', '254711613895', 1, 10);
INSERT INTO `Register_bk` VALUES (244, 341906, 0x3130353431313330, 'CHUMBA KIPTANUI', '254721744834', 1, 10);
INSERT INTO `Register_bk` VALUES (245, 342876, 0x39383730373634, 'KOGEI JULIUS', '0', 2, 10);
INSERT INTO `Register_bk` VALUES (246, 343360, 0x3131313636333536, 'PARTICK KITUR', '254727264283', 7, 10);
INSERT INTO `Register_bk` VALUES (247, 343571, 0x34303037393034, 'JACOB KEMEI', '254724156071', 8, 10);
INSERT INTO `Register_bk` VALUES (248, 343633, 0x3130353430383930, 'DANIEL BIWOT', '254715059695', 1, 10);
INSERT INTO `Register_bk` VALUES (249, 343641, 0x3131313636383638, 'HILLARY KIBITOK', '254721928249', 4, 10);
INSERT INTO `Register_bk` VALUES (250, 345668, 0x3131313636373433, 'JAMES CHUMBA', 'Not Provided', 11, 10);
INSERT INTO `Register_bk` VALUES (251, 346536, 0x3130343435343739, 'JOSEPH TUWEI', '254720741848', 3, 10);
INSERT INTO `Register_bk` VALUES (252, 354811, 0x3131363034353338, 'DAVID LETING', '254726964259', 2, 10);
INSERT INTO `Register_bk` VALUES (253, 355582, 0x3131323936303332, 'JOSPHINE CHESEREM', '254716395064', 1, 10);
INSERT INTO `Register_bk` VALUES (254, 360136, 0x3131353036383732, 'JOHN BOR', '254713083863', 3, 10);
INSERT INTO `Register_bk` VALUES (255, 360138, 0x39383638333232, 'HENRY RONO', '254720748763', 3, 10);
INSERT INTO `Register_bk` VALUES (256, 360143, 0x3130353431363433, 'CHRISTOPHER ROTICH', '254725847910', 3, 10);
INSERT INTO `Register_bk` VALUES (257, 360364, 0x39383638343131, 'Paul K Ruto', '254729924227', 3, 10);
INSERT INTO `Register_bk` VALUES (258, 360488, 0x3131313637363238, 'ALICE CHELAGAT', '254721103351', 1, 10);
INSERT INTO `Register_bk` VALUES (259, 360489, 0x3131363034323332, 'GRACE JEPTEPKENY', '254723635273', 3, 10);
INSERT INTO `Register_bk` VALUES (260, 360490, 0x39393930363239, 'JOSEPH KOECH', '0', 9, 10);
INSERT INTO `Register_bk` VALUES (261, 360533, 0x3131313637303535, 'RACHEL CHELANGAT', '254726640768', 2, 10);
INSERT INTO `Register_bk` VALUES (262, 361046, 0x3131363034363339, 'PRISCAH NGETICH', '254723248112', 3, 10);
INSERT INTO `Register_bk` VALUES (263, 361934, 0x3131363034323837, 'DAVID NGELELEY', '254729739687', 2, 10);
INSERT INTO `Register_bk` VALUES (264, 362067, 0x3130353430363736, 'JAMES TOO', '0', 8, 10);
INSERT INTO `Register_bk` VALUES (265, 362331, 0x3131363034343431, 'SOMEON LANGAT', '254729805966', 3, 10);
INSERT INTO `Register_bk` VALUES (266, 365329, 0x39363030393235, 'NYAOKE VIPIAN', '254721418538', 4, 10);
INSERT INTO `Register_bk` VALUES (267, 365410, 0x3131313636363434, 'STEPHEN KARAN', '254720837731', 3, 10);
INSERT INTO `Register_bk` VALUES (268, 365411, 0x3131363034353733, 'DAVID KOECH', '254720462018', 3, 10);
INSERT INTO `Register_bk` VALUES (269, 365521, 0x3131353036313539, 'METHUSELA ROP', '254722583275', 6, 10);
INSERT INTO `Register_bk` VALUES (270, 365526, 0x3131363034323633, 'ESTHER JERUBET', '254711696546', 7, 10);
INSERT INTO `Register_bk` VALUES (271, 366073, 0x3133343431313132, 'MARCELY KOECH', '254720927963', 8, 10);
INSERT INTO `Register_bk` VALUES (272, 366422, 0x3131363034363532, 'EMILY KEBEN', '254729698307', 6, 10);
INSERT INTO `Register_bk` VALUES (273, 366893, 0x3133333633323337, 'HENRY LETTING', '254726350151', 6, 10);
INSERT INTO `Register_bk` VALUES (274, 366896, 0x3131373738343231, 'AMBROSE KIPKEMBOI', '254724401043', 5, 10);
INSERT INTO `Register_bk` VALUES (275, 366906, 0x39313031383331, 'PHILIP KORIR', '254724520690', 1, 10);
INSERT INTO `Register_bk` VALUES (276, 366912, 0x39363032353637, 'MOSES CHERUIYOT', '254724420693', 9, 10);
INSERT INTO `Register_bk` VALUES (277, 367098, 0x3132393733303233, 'ABRAHAM MAIYO', '254724273692', 9, 10);
INSERT INTO `Register_bk` VALUES (278, 367128, 0x3131313637343037, 'MARK NGETICH', '254718594820', 9, 10);
INSERT INTO `Register_bk` VALUES (279, 367130, 0x3133333633323836, 'Kogo Eluid Kipkemboi', '254723217692', 6, 10);
INSERT INTO `Register_bk` VALUES (280, 367136, 0x3131303234393133, 'PARTRICK CHEPKWONY', '254729726565', 5, 10);
INSERT INTO `Register_bk` VALUES (281, 367758, 0x39363033353037, 'JOSEPH CHEPKWONY', '254724608160', 5, 10);
INSERT INTO `Register_bk` VALUES (282, 367765, 0x38353930353532, 'RICHARD CHEPKWONY', '0', 3, 10);
INSERT INTO `Register_bk` VALUES (283, 367769, 0x3133333632393330, 'DAVID KEMBOI', '254705789951', 9, 10);
INSERT INTO `Register_bk` VALUES (284, 367770, 0x3131373830313132, 'SAMMY SAWE', '254710584352', 6, 10);
INSERT INTO `Register_bk` VALUES (285, 367774, 0x3131373739343533, 'JULIA JEPTUM', '254723876800', 5, 10);
INSERT INTO `Register_bk` VALUES (286, 367776, 0x3131363034393536, 'KIBET LUKE', '254725654162', 5, 10);
INSERT INTO `Register_bk` VALUES (287, 367781, 0x3131303234333534, 'ANTONY MAIYO', '254714041271', 5, 10);
INSERT INTO `Register_bk` VALUES (288, 367782, 0x3131323937393137, 'DOUGLAS KIPTUM', '254724761237', 3, 10);
INSERT INTO `Register_bk` VALUES (289, 368182, 0x3131353036303331, 'DAVID BIWOT', '254720706816', 3, 10);
INSERT INTO `Register_bk` VALUES (290, 368940, 0x3133333036303533, 'ISACK ROTICH', '254720706743', 3, 10);
INSERT INTO `Register_bk` VALUES (291, 368944, 0x3131323937313732, 'JOSEPH BII', '254726621201', 3, 10);
INSERT INTO `Register_bk` VALUES (292, 368945, 0x39383639373434, 'RONO KIPKOSGEI', '254724229792', 6, 10);
INSERT INTO `Register_bk` VALUES (293, 369055, 0x39383731333039, 'DAVID KENY', '254716652939', 3, 10);
INSERT INTO `Register_bk` VALUES (294, 369287, 0x37313632383436, 'JOSEPH TOO', '254721462737', 3, 10);
INSERT INTO `Register_bk` VALUES (295, 369289, 0x3132343730383532, 'JULIUS SONGOEI', '254723843906', 3, 10);
INSERT INTO `Register_bk` VALUES (296, 369298, 0x3133333035343330, 'JOEL KITUR', '254723901716', 6, 10);
INSERT INTO `Register_bk` VALUES (297, 369299, 0x3133303134333836, 'MOSES SANG', '254721154634', 3, 10);
INSERT INTO `Register_bk` VALUES (298, 369302, 0x3132343638383534, 'EZEKIEL BETT', '254723711661', 3, 10);
INSERT INTO `Register_bk` VALUES (299, 369582, 0x3133323933333131, 'THOMAS KOSGEI', '254711553946', 7, 10);
INSERT INTO `Register_bk` VALUES (300, 369586, 0x3133333633333036, 'KENNEDY CHERUIYOT TANUI', '254725629660', 9, 10);
INSERT INTO `Register_bk` VALUES (301, 370088, 0x35353637323437, 'SAMSON NYANGO', 'Not Provided', 11, 10);
INSERT INTO `Register_bk` VALUES (302, 370456, 0x3131363034333838, 'JOHN ROTICH', '254720462049', 3, 10);
INSERT INTO `Register_bk` VALUES (303, 370461, 0x3132343639353432, 'RICHARD YEGON', '0', 5, 10);
INSERT INTO `Register_bk` VALUES (304, 370939, 0x3131313637323836, 'EMILY JEBOTIB', '254726861214', 9, 10);
INSERT INTO `Register_bk` VALUES (305, 370944, 0x3131363035313632, 'JAMES MUREY', '254721313126', 5, 10);
INSERT INTO `Register_bk` VALUES (306, 370947, 0x3131323937343736, 'JOSEPH RONO', '254725962471', 3, 10);
INSERT INTO `Register_bk` VALUES (307, 370950, 0x3131323936313632, 'THOMAS TARUS', '254700272626', 2, 10);
INSERT INTO `Register_bk` VALUES (308, 379070, 0x3132373337363233, 'PASCAL SIROREI', '0', 9, 10);
INSERT INTO `Register_bk` VALUES (309, 379076, 0x3132373336343539, 'PAUL KOSGEI', 'Not Provided', 11, 10);
INSERT INTO `Register_bk` VALUES (310, 379095, 0x3131373739383638, 'EMMANUEL KOECH', '254711360326', 5, 10);
INSERT INTO `Register_bk` VALUES (311, 379098, 0x3133383037393831, 'ROSE BOMETT', 'Not Provided', 11, 10);
INSERT INTO `Register_bk` VALUES (312, 379161, 0x3133333632303538, 'CHRISTINE KETER', '254725620774', 8, 10);
INSERT INTO `Register_bk` VALUES (313, 379573, 0x3133383037393939, 'BEARTICE LIMO', '254716432383', 1, 10);
INSERT INTO `Register_bk` VALUES (314, 379578, 0x3134353039323631, 'PIUS KIPRONO', '0', 5, 10);
INSERT INTO `Register_bk` VALUES (315, 381336, 0x3133333633343333, 'URSULAH CHIRCHIR', '254712931806', 7, 10);
INSERT INTO `Register_bk` VALUES (316, 381337, 0x3132373336343837, 'ELIZABETH MUIGEI', '254728969917', 6, 10);
INSERT INTO `Register_bk` VALUES (317, 381340, 0x3134353039313735, 'JOSEPH BETT', '254720864908', 9, 10);
INSERT INTO `Register_bk` VALUES (318, 381762, 0x3133383037393731, 'Nelly NGISIREI', '254717033938', 1, 10);
INSERT INTO `Register_bk` VALUES (319, 382388, 0x3131373738393435, 'MARK LAGAT', '254704312284', 5, 10);
INSERT INTO `Register_bk` VALUES (320, 382391, 0x3133333634353039, 'ROP ELPHAS', '254722935621', 6, 10);
INSERT INTO `Register_bk` VALUES (321, 382404, 0x3132343730393830, 'TANUI JACKSON', '2540710294372', 5, 10);
INSERT INTO `Register_bk` VALUES (322, 382408, 0x3133333635373835, 'CHARLES TOO', '254720706829', 8, 10);
INSERT INTO `Register_bk` VALUES (323, 383152, 0x3133333635373932, 'JOSEPH SONGOK', '254724459888', 1, 10);
INSERT INTO `Register_bk` VALUES (324, 383566, 0x3131363034343936, 'DAVID K MAIYO', '254707969169', 7, 10);
INSERT INTO `Register_bk` VALUES (325, 383570, 0x3131373738363539, 'ROSE TARUS', 'Not Provided', 11, 10);
INSERT INTO `Register_bk` VALUES (326, 383579, 0x3133323933333335, 'JOSEPH BUGUT', '0', 2, 10);
INSERT INTO `Register_bk` VALUES (327, 384001, 0x3132373337383434, 'PHILEMON LAGAT', 'Not Provided', 11, 10);
INSERT INTO `Register_bk` VALUES (328, 384020, 0x38393639373636, 'URSILAH SUGUT', '254710406743', 1, 10);
INSERT INTO `Register_bk` VALUES (329, 384931, 0x3131363034303337, 'LYDIA TANUI', 'Not Provided', 11, 10);
INSERT INTO `Register_bk` VALUES (330, 384942, 0x3133333035313630, 'ELIJAH LIMO', '254725552467', 5, 10);
INSERT INTO `Register_bk` VALUES (331, 384944, 0x3131363034353339, 'PAUL BETT', '254729656687', 5, 10);
INSERT INTO `Register_bk` VALUES (332, 385552, 0x30, 'BARNABA ROP', 'Not Provided', 11, 10);
INSERT INTO `Register_bk` VALUES (333, 385654, 0x3133383038393131, 'JEPTOO CHERUIYOT', '254726547647', 3, 10);
INSERT INTO `Register_bk` VALUES (334, 385658, 0x3132373337353736, 'JULIUS SIMATWO', 'Not Provided', 11, 10);
INSERT INTO `Register_bk` VALUES (335, 385660, 0x3132343730343931, 'BIAMA CHRISTOPHER ', '254724018029', 5, 10);
INSERT INTO `Register_bk` VALUES (336, 385661, 0x3131373830313530, 'GEORGE KOSGEI', '254724309586', 6, 10);
INSERT INTO `Register_bk` VALUES (337, 386445, 0x3131373739343035, 'DAVID KOECH', '254723460946', 8, 10);
INSERT INTO `Register_bk` VALUES (338, 386447, 0x3133303137313434, 'BENJAMIN MAGUT', '254721888110', 4, 10);
INSERT INTO `Register_bk` VALUES (339, 386454, 0x3133363932313734, 'Leah C LANGAT', '254723966554', 1, 10);
INSERT INTO `Register_bk` VALUES (340, 393848, 0x3132343639363035, 'JAMES NGETICH', '254720470527', 5, 10);
INSERT INTO `Register_bk` VALUES (341, 397363, 0x3132373336313534, 'JOAN JEMELI', '254719567074', 3, 10);
INSERT INTO `Register_bk` VALUES (342, 398463, 0x34303034313838, 'NELLY KOSGEI', '254723310143', 1, 10);
INSERT INTO `Register_bk` VALUES (343, 405764, 0x39393931333235, 'BIRAFFA BINTI ALI', '254720798572', 2, 10);
INSERT INTO `Register_bk` VALUES (344, 405825, 0x3134353038303730, 'EDITHA MBERIA', '254727586798', 7, 10);
INSERT INTO `Register_bk` VALUES (345, 406374, 0x3130353430353338, 'LINUS KETER', '254721821202', 9, 10);
INSERT INTO `Register_bk` VALUES (346, 406388, 0x3130353431393133, 'WILSON TOO', '254728847556', 2, 10);
INSERT INTO `Register_bk` VALUES (347, 406401, 0x3133333633383139, 'HEZEKIA CHEMAI', '254722636210', 7, 10);
INSERT INTO `Register_bk` VALUES (348, 408041, 0x3134353039333132, 'CHERUTO ISABELA', '254726710586', 2, 10);
INSERT INTO `Register_bk` VALUES (349, 408208, 0x3230393532333935, 'ROBERT MAGUT', '254710946591', 3, 10);
INSERT INTO `Register_bk` VALUES (350, 410141, 0x3134363932383035, 'JANE JEPCHIRCHIR', '254721868934', 9, 10);
INSERT INTO `Register_bk` VALUES (351, 410207, 0x39383731353737, 'PAUL SONGOK', '254725973458', 2, 10);
INSERT INTO `Register_bk` VALUES (352, 410217, 0x3133333035353934, 'PHILIP MIBEI', '254720706818', 6, 10);
INSERT INTO `Register_bk` VALUES (353, 410271, 0x3134373234343733, 'CHRISTOPHER SAINA', '254723437856', 2, 10);
INSERT INTO `Register_bk` VALUES (354, 410304, 0x3132373434373832, 'JOEL SITIENEI', '254725438606', 6, 10);
INSERT INTO `Register_bk` VALUES (355, 411010, 0x3131373738393934, 'BARNABA KITUR', '0', 7, 10);
INSERT INTO `Register_bk` VALUES (356, 411018, 0x3133303632353837, 'KIPTOO PHILEMON', '254725555984', 2, 10);
INSERT INTO `Register_bk` VALUES (357, 411076, 0x3132343730363837, 'KIPRUGUT STEPHENE', '254720792003', 3, 10);
INSERT INTO `Register_bk` VALUES (358, 415404, 0x3130353430353432, 'CLEOPHAS KOSGEI', '254723352926', 9, 10);
INSERT INTO `Register_bk` VALUES (359, 417776, 0x3133333635383036, 'JOSEPH KIRWA', '0', 1, 10);
INSERT INTO `Register_bk` VALUES (360, 418827, 0x3231313730393135, 'NGENO GRACE', '254721908782', 3, 10);
INSERT INTO `Register_bk` VALUES (361, 422132, 0x3132373336343631, 'ROP PAUL', '254721365657', 3, 10);
INSERT INTO `Register_bk` VALUES (362, 440710, 0x3231373338343336, 'BENSON LIMO', '254720837780', 2, 10);
INSERT INTO `Register_bk` VALUES (363, 446184, 0x3231373130313531, 'JOHN GOIN', '254720364966', 2, 10);
INSERT INTO `Register_bk` VALUES (364, 343350, 0x3130353431343931, 'ANNE RONO', '254725660336', 1, 10);
INSERT INTO `Register_bk` VALUES (365, 289690, 0x35353836373535, 'ALEX YATOR', '254725447752', 1, 10);
INSERT INTO `Register_bk` VALUES (366, 318967, 0x39383731373532, 'JOSPAT KURGAT', '254723152694', 6, 10);
INSERT INTO `Register_bk` VALUES (367, 385672, 0x3130353430393238, 'MARY KILI', 'Not Provided', 11, 10);
INSERT INTO `Register_bk` VALUES (368, 155063, 0x34373139383236, 'ROSE JEMUTAI SIAMBA', '254718620813', 4, 10);
INSERT INTO `Register_bk` VALUES (369, 217260, 0x35323737353032, 'BETTY YEGO', '254727735754', 8, 10);
INSERT INTO `Register_bk` VALUES (370, 264412, 0x39313031343936, 'ROSE KETER', 'Not Provided', 11, 10);
INSERT INTO `Register_bk` VALUES (371, 217272, 0x35363133363936, 'MOSES TUWEI', '0708189178', 9, 10);
INSERT INTO `Register_bk` VALUES (372, 151149, 0x33323635353230, 'MATHEW TEMUGE', '0790162886', 8, 10);
INSERT INTO `Register_bk` VALUES (373, 320337, 0x39383731383630, 'STEPHEN RONO', '0729047222', 8, 10);
INSERT INTO `Register_bk` VALUES (374, 217252, 0x35353837333639, 'JOEL KIRWA', '0724672766', 8, 10);
INSERT INTO `Register_bk` VALUES (375, 346938, 0x3130353431303533, 'CHERUIYOT KIPKEMBOI', '0723933176', 8, 10);
INSERT INTO `Register_bk` VALUES (376, 249699, 0x35353731363039, 'JULIUS TARUS', '0729067623', 1, 10);
INSERT INTO `Register_bk` VALUES (377, 246573, 0x37343434303535, 'SAMMY BOR', '0729014441', 1, 10);
INSERT INTO `Register_bk` VALUES (378, 254389, 0x38393638353434, 'FABIANO TOO', '0725325190', 1, 10);
INSERT INTO `Register_bk` VALUES (379, 381759, 0x3133303136383531, 'SOLOMON TUWEI', '0710492769', 6, 10);
INSERT INTO `Register_bk` VALUES (380, 190495, 0x30343535353333, 'Musoma James Akhaya', '254727402323', 1, 10);
INSERT INTO `Register_bk` VALUES (381, 343352, 0x39363031323937, 'JANE RONO', '0710352240', 8, 10);
INSERT INTO `Register_bk` VALUES (382, 287710, 0x38353931343432, 'JOSEPH KOROS', '254710498386', 8, 10);
INSERT INTO `Register_bk` VALUES (383, 449841, 0x3231303639383131, 'JAPHET SUM', '0724364518', 8, 10);
INSERT INTO `Register_bk` VALUES (384, 254333, 0x35363133383431, 'MUSA BIRGEN', '0703919065', 9, 10);
INSERT INTO `Register_bk` VALUES (385, 368942, 0x3131353036393037, 'ISAAC KIRUI', '0720668763', 3, 10);
INSERT INTO `Register_bk` VALUES (386, 477455, 0x3232343639343635, 'MERCY JEPKORIR', '0729494255', 4, 10);
INSERT INTO `Register_bk` VALUES (387, 176612, 0x3237303734303636, 'PETER KIRWA', '0714488045', 6, 10);
INSERT INTO `Register_bk` VALUES (388, 289692, 0x36383436363437, 'ANDREW BITOK', '0726741492', 4, 10);
INSERT INTO `Register_bk` VALUES (389, 445499, 0x3230303430303633, 'SAMWEL MOIBEN', '0720821780', 1, 10);
INSERT INTO `Register_bk` VALUES (390, 242634, 0x35363033323039, 'JANE KEMBOI', '0720548718', 4, 10);
INSERT INTO `Register_bk` VALUES (391, 382392, 0x3133303136363936, 'MARK MAIY', '0721822711', 9, 10);
INSERT INTO `Register_bk` VALUES (392, 267444, 0x37313131383332, 'HARON MUHALIA', '0724667977', 1, 10);
INSERT INTO `Register_bk` VALUES (393, 254087, 0x38353837313439, 'LAWRENCE KORIR', '0724877197', 4, 10);
INSERT INTO `Register_bk` VALUES (394, 217232, 0x33323834343837, 'JOHN SHIVAJI', '0721316753', 1, 10);
INSERT INTO `Register_bk` VALUES (395, 226780, 0x33323631343430, 'JOHN ROTICH', '254725277243', 3, 10);
INSERT INTO `Register_bk` VALUES (396, 249715, 0x35363130323436, 'ELISHA BIWOT', '0790093345', 9, 10);
INSERT INTO `Register_bk` VALUES (397, 285368, 0x35353933383232, 'JOSEPH SILEI', '0700277134', 8, 10);
INSERT INTO `Register_bk` VALUES (398, 217378, 0x34303037343433, 'REUBEN TARUS', '254729452056', 8, 10);
INSERT INTO `Register_bk` VALUES (399, 403302, 0x38353930313436, 'PAUL KOSGEI', '254710223346', 2, 10);
INSERT INTO `Register_bk` VALUES (400, 202506, 0x35363036313433, 'GIDEON TUWEI', '0724249269', 1, 10);
INSERT INTO `Register_bk` VALUES (401, 367138, 0x3131363035373839, 'HARON CHEMWOR', '254721255079', 5, 10);
INSERT INTO `Register_bk` VALUES (402, 379575, 0x3132343638343439, 'RICHARD LAGAT', '0710681961', 1, 10);
INSERT INTO `Register_bk` VALUES (403, 237241, 0x37343435393432, 'SYMON KICHWEN', '0727550365', 8, 10);
INSERT INTO `Register_bk` VALUES (404, 360146, 0x39383731323139, 'FIDELIS SAINA', '0717420309', 1, 10);
INSERT INTO `Register_bk` VALUES (405, 227072, 0x35363133363636, 'Kadaji Member', '254701233579', 1, 10);
INSERT INTO `Register_bk` VALUES (406, 237290, 0x35353839383735, 'NELLY BIRGEN', '0727591979', 8, 10);
INSERT INTO `Register_bk` VALUES (407, 338669, 0x3130353430323136, 'DAVID RUGUT', '0722584744', 4, 10);
INSERT INTO `Register_bk` VALUES (408, 368952, 0x3133333635373731, 'FRANSIS TOO', '0703689899', 4, 10);
INSERT INTO `Register_bk` VALUES (409, 242597, 0x35353637363633, 'ANNE NGENY', '254724403042', 5, 10);
INSERT INTO `Register_bk` VALUES (410, 267605, 0x33323537333238, 'MARK ROP', '0728171499', 6, 10);
INSERT INTO `Register_bk` VALUES (411, 221291, 0x31373330353335, 'FRANCIS LILOPA', '0725107105', 1, 10);
INSERT INTO `Register_bk` VALUES (412, 309561, 0x38353931363939, 'TECLA MELI', '0725224457', 2, 10);
INSERT INTO `Register_bk` VALUES (413, 422134, 0x3230303931323039, 'JOHN RONO', '0722445496', 3, 10);
INSERT INTO `Register_bk` VALUES (414, 383995, 0x3130323230353335, 'SILAS SONGOK', '254723417855', 5, 10);
INSERT INTO `Register_bk` VALUES (415, 406266, 0x3133383038303133, 'MARTHA BIRGEN', '0724459953', 9, 10);
INSERT INTO `Register_bk` VALUES (416, 269350, 0x35353832363736, 'EMILY TUWEI', '254716217148', 9, 10);
INSERT INTO `Register_bk` VALUES (417, 386057, 0x3133333035353834, 'ISAAC KOGO', '254720536317', 6, 10);
INSERT INTO `Register_bk` VALUES (418, 381764, 0x3130353430353731, 'CHRISTOPHER KIPTOO', '0718422541', 6, 10);
INSERT INTO `Register_bk` VALUES (419, 99655, 0x30373731323735, 'WINFRED LANGAT', '0718644370', 2, 10);
INSERT INTO `Register_bk` VALUES (420, 188256, 0x30323436313832, 'SAMMY LANGAT', '0726042226', 8, 10);
INSERT INTO `Register_bk` VALUES (421, 343582, 0x3130353430363539, 'NEREU KERICH', '0720576445', 1, 10);
INSERT INTO `Register_bk` VALUES (422, 379583, 0x3133333632373035, 'PAUL BWAMBOK', '254726214732', 2, 10);
INSERT INTO `Register_bk` VALUES (423, 344309, 0x3130323230353031, 'PIUS KOECH', '0722911061', 2, 10);
INSERT INTO `Register_bk` VALUES (424, 369293, 0x3130353431323530, 'MARUIS ROTICH', '0712550509', 5, 10);
INSERT INTO `Register_bk` VALUES (425, 229706, 0x33323930313933, 'JOSEPH BIWOT', '0726958674', 7, 10);
INSERT INTO `Register_bk` VALUES (426, 417236, 0x3134363932383430, 'MARY MAGUT', '0726759723', 5, 10);
INSERT INTO `Register_bk` VALUES (427, 386071, 0x3131303234373336, 'JOYCE JELAGAT', '0723438300', 9, 10);
INSERT INTO `Register_bk` VALUES (428, 379172, 0x3133383038333330, 'JOSEPH KIPLAGAT', '254723769555', 7, 10);
INSERT INTO `Register_bk` VALUES (429, 290477, 0x35363133383338, 'PHILIP MOSO', '0727561916', 9, 10);
INSERT INTO `Register_bk` VALUES (430, 269067, 0x38373331353538, 'ANNE KOECH', '254717571799', 7, 10);
INSERT INTO `Register_bk` VALUES (431, 383149, 0x3133333635323237, 'HILLARY MARITIM', '0721683084', 9, 10);
INSERT INTO `Register_bk` VALUES (432, 361644, 0x3131373330363037, 'JOAN SONGIO', '0723445229', 1, 10);
INSERT INTO `Register_bk` VALUES (434, 406309, 0x3134373234323639, 'COSMAS CHERUIYOT', '254724695669', 9, 10);
INSERT INTO `Register_bk` VALUES (435, 365894, 0x36363634353932, 'BENEDETA KIPLAGAT', '0721730030', 9, 10);
INSERT INTO `Register_bk` VALUES (436, 203494, 0x34303037333838, 'MOSES NGENY', '254712140177', 8, 10);
INSERT INTO `Register_bk` VALUES (437, 319570, 0x3237333936303133, 'SALLY ROTICH', '254720615957', 4, 10);
INSERT INTO `Register_bk` VALUES (438, 301805, 0x38353931343734, 'DIVINA RUTO', '254722580736', 4, 10);
INSERT INTO `Register_bk` VALUES (439, 379069, 0x3132373337393238, 'LINUS CHEMWOR', '254726484718', 1, 10);
INSERT INTO `Register_bk` VALUES (440, 151167, 0x31323531313731, 'Cheruiyot Joel', '254722343908', 4, 10);
INSERT INTO `Register_bk` VALUES (441, 379145, 0x3131363034353534, 'EMMANUEL TENAI', '254729319441', 7, 10);
INSERT INTO `Register_bk` VALUES (442, 343583, 0x3131313636363937, 'CLARA JEPKETER', '254720823288', 1, 10);
INSERT INTO `Register_bk` VALUES (443, 332732, 0x3130373437373539, 'RUTH KEMBOI', '254714579423', 1, 10);
INSERT INTO `Register_bk` VALUES (444, 319190, 0x36363634333138, 'IRENE SITIENEI', '254723137609', 1, 10);
INSERT INTO `Register_bk` VALUES (445, 360149, 0x3131363035353539, 'Paul K Sanga', '254721474246', 1, 10);
INSERT INTO `Register_bk` VALUES (446, 399613, 0x3231313336303533, 'JOSEPH NGOCHOI', '254727916797', 3, 10);
INSERT INTO `Register_bk` VALUES (447, 339107, 0x3131313637373236, 'NGELECHEI SAMWEL', '254716145985', 3, 10);
INSERT INTO `Register_bk` VALUES (448, 242612, 0x38393639363639, 'HESBON NALE', '254723956504', 3, 10);
INSERT INTO `Register_bk` VALUES (449, 238023, 0x34303035323034, 'PHILIP MOBO', '254726603751', 3, 10);
INSERT INTO `Register_bk` VALUES (450, 242660, 0x35353833323038, 'JOHN TARUS', '254704162898', 6, 10);
INSERT INTO `Register_bk` VALUES (451, 381763, 0x3130353430393638, 'RONOH KIPKOECH', '254725938650', 9, 10);
INSERT INTO `Register_bk` VALUES (452, 410276, 0x3234373739373630, 'Yego Evans', '254720558470', 2, 10);
INSERT INTO `Register_bk` VALUES (453, 340797, 0x37343434343838, 'SILAS KIPCHUMBA CHERUIYOT', '0', 9, 10);
INSERT INTO `Register_bk` VALUES (454, 277125, 0x38373233313038, 'ROSE CHEMSTO', '254725807317', 9, 10);
INSERT INTO `Register_bk` VALUES (455, 329199, 0x3130343435323336, 'SIRMA SOSPETER', '254721618257', 4, 10);
INSERT INTO `Register_bk` VALUES (456, 257105, 0x33323638383130, 'JOSIAH KOECH', '254721377551', 8, 10);
INSERT INTO `Register_bk` VALUES (457, 189664, 0x30343438323630, 'Phillip K MAGUT', '254728355009', 4, 10);
INSERT INTO `Register_bk` VALUES (458, 338671, 0x33323633333436, 'JANE TANUI', '254729240001', 4, 10);
INSERT INTO `Register_bk` VALUES (462, 155634, 0x33323436333433, 'JULIUS SERSER', 'Not Provided', 1, 10);
INSERT INTO `Register_bk` VALUES (463, 177198, 0x33343435363834, 'ELIZABETH KOECH', 'Not Provided', 11, 10);
INSERT INTO `Register_bk` VALUES (464, 180227, 0x32333332363739, 'JULIUS RONO', 'Not Provided', 11, 10);
INSERT INTO `Register_bk` VALUES (465, 189593, 0x33323639313630, 'PHILIP SANG', '189593', 11, 10);
INSERT INTO `Register_bk` VALUES (466, 189596, 0x33343435363234, 'BETTY SITIENEI', 'Not Provided', 11, 10);
INSERT INTO `Register_bk` VALUES (467, 189656, 0x33323637333131, 'SALLY JEMESUNDE', 'Not Provided', 11, 10);
INSERT INTO `Register_bk` VALUES (468, 202337, 0x35353936333537, 'DIVINA TOO', 'Not Provided', 11, 10);
INSERT INTO `Register_bk` VALUES (469, 217213, 0x35353731313138, 'JAMES MURWON', 'Not Provided', 11, 10);
INSERT INTO `Register_bk` VALUES (470, 217290, 0x33393337353533, 'JANE KORIR', 'Not Provided', 11, 10);
INSERT INTO `Register_bk` VALUES (471, 217384, 0x35353936333236, 'LEAH MARITIM', 'Not Provided', 11, 10);
INSERT INTO `Register_bk` VALUES (472, 225182, 0x33393336373238, 'PHILIP KEMBOI', 'Not Provided', 11, 10);
INSERT INTO `Register_bk` VALUES (473, 227058, 0x34303032313234, 'ALFRED SAWE', 'Not Provided', 11, 10);
INSERT INTO `Register_bk` VALUES (474, 229705, 0x37343434373630, 'ISAAC KUTTO', 'Not Provided', 11, 10);
INSERT INTO `Register_bk` VALUES (475, 234536, 0x33323835363836, 'EVANS ALUDAH LUGINDI', 'Not Provided', 11, 10);
INSERT INTO `Register_bk` VALUES (476, 237278, 0x36363635393037, 'LEAH BUNDOTICH', 'Not Provided', 11, 10);
INSERT INTO `Register_bk` VALUES (477, 237343, 0x36363635323430, 'JOSEPH MAGUT', 'Not Provided', 11, 10);
INSERT INTO `Register_bk` VALUES (478, 251979, 0x33323634363433, 'VICTOR MAGUT', 'Not Provided', 11, 10);
INSERT INTO `Register_bk` VALUES (479, 253281, 0x37313131393332, 'REUBEN KEMBOI', 'Not Provided', 11, 10);
INSERT INTO `Register_bk` VALUES (480, 257074, 0x38353931383132, 'WILLIAM SONGOK', 'Not Provided', 11, 10);
INSERT INTO `Register_bk` VALUES (481, 257753, 0x35323737333730, 'JAMES MELI', 'Not Provided', 11, 10);
INSERT INTO `Register_bk` VALUES (482, 257956, 0x36323131393836, 'JOHN KOECH', 'Not Provided', 11, 10);
INSERT INTO `Register_bk` VALUES (483, 271130, 0x35353933313338, 'PAUL SANG', 'Not Provided', 11, 10);
INSERT INTO `Register_bk` VALUES (484, 278068, 0x38353931303237, 'DAVID KOECH', 'Not Provided', 11, 10);
INSERT INTO `Register_bk` VALUES (485, 283738, 0x38353931343736, 'DAVID RONO', 'Not Provided', 11, 10);
INSERT INTO `Register_bk` VALUES (486, 284962, 0x35353636353439, 'VICTOR KOEI', 'Not Provided', 11, 10);
INSERT INTO `Register_bk` VALUES (487, 287127, 0x30, 'EMILY SIROR', 'Not Provided', 11, 10);
INSERT INTO `Register_bk` VALUES (488, 289790, 0x33323536393038, 'CONSOLATA TOO', 'Not Provided', 11, 10);
INSERT INTO `Register_bk` VALUES (489, 289792, 0x38353930353339, 'MILCAH CHERUIYOT', 'Not Provided', 11, 10);
INSERT INTO `Register_bk` VALUES (490, 290487, 0x39363032373937, 'ABIGAEL MUHONJA', 'Not Provided', 11, 10);
INSERT INTO `Register_bk` VALUES (491, 299544, 0x39313539383232, 'DOMINIC MUHINDI', 'Not Provided', 11, 10);
INSERT INTO `Register_bk` VALUES (492, 301027, 0x39343631303036, 'CLEMENT TIONGING', 'Not Provided', 11, 10);
INSERT INTO `Register_bk` VALUES (494, 309544, 0x39363032303933, 'WILLIAM KOSGEI', 'Not Provided', 11, 10);
INSERT INTO `Register_bk` VALUES (495, 310749, 0x39313631303533, 'HELLEN SIROREI', 'Not Provided', 11, 10);
INSERT INTO `Register_bk` VALUES (496, 319205, 0x3130333431333435, 'WILLIAM KEMEI', 'Not Provided', 11, 10);
INSERT INTO `Register_bk` VALUES (497, 319560, 0x30, 'DAVID NGATAT', 'Not Provided', 11, 10);
INSERT INTO `Register_bk` VALUES (498, 321457, 0x3130303035373232, 'FLORA SIARI MIHIGA', 'Not Provided', 11, 10);
INSERT INTO `Register_bk` VALUES (499, 321459, 0x38353931333535, 'GINESHES BIRECH', 'Not Provided', 11, 10);
INSERT INTO `Register_bk` VALUES (500, 322653, 0x30, 'PHILIP MAIYO', 'Not Provided', 11, 10);
INSERT INTO `Register_bk` VALUES (501, 325712, 0x39383731393735, 'ANIKAYI HEZRON', 'Not Provided', 11, 10);
INSERT INTO `Register_bk` VALUES (502, 338660, 0x3130343435303634, 'DAVID KETTER', 'Not Provided', 11, 10);
INSERT INTO `Register_bk` VALUES (503, 339114, 0x3131313636323132, 'JOSHUO TOO', 'Not Provided', 11, 10);
INSERT INTO `Register_bk` VALUES (504, 341902, 0x3131303235323038, 'GRACE JEBET', 'Not Provided', 11, 10);
INSERT INTO `Register_bk` VALUES (505, 343565, 0x39393930333233, 'AMOS KEMBOI', 'Not Provided', 11, 10);
INSERT INTO `Register_bk` VALUES (506, 343640, 0x38393639303031, 'EZEKIEL SIMATWO', 'Not Provided', 11, 10);
INSERT INTO `Register_bk` VALUES (507, 345672, 0x35323736323431, 'GERALAD KEMBOI', 'Not Provided', 11, 10);
INSERT INTO `Register_bk` VALUES (508, 354545, 0x3130353430333636, 'FELISTER SHITESHE', 'Not Provided', 11, 10);
INSERT INTO `Register_bk` VALUES (509, 355005, 0x3130333134323932, 'IRENE CHUMO', 'Not Provided', 11, 10);
INSERT INTO `Register_bk` VALUES (510, 355456, 0x3131373739313036, 'JOSIAH LETING', 'Not Provided', 11, 10);
INSERT INTO `Register_bk` VALUES (511, 360210, 0x3131363034353135, 'JANE CHEMUTAI', 'Not Provided', 11, 10);
INSERT INTO `Register_bk` VALUES (512, 361037, 0x3131363034323230, 'MARY CHEMUMBERE', 'Not Provided', 11, 10);
INSERT INTO `Register_bk` VALUES (513, 362069, 0x3133333632363532, 'RUTH JELIMO', 'Not Provided', 11, 10);
INSERT INTO `Register_bk` VALUES (514, 367132, 0x3131363034393632, 'DAVID MELI', 'Not Provided', 11, 10);
INSERT INTO `Register_bk` VALUES (515, 367723, 0x39373631383536, 'PHILOMENA SIMATWO', 'Not Provided', 11, 10);
INSERT INTO `Register_bk` VALUES (516, 370105, 0x3133303134333139, 'SAMMY TERER', 'Not Provided', 11, 10);
INSERT INTO `Register_bk` VALUES (517, 379079, 0x3133333634383239, 'ESTHER CHEPKORIR', 'Not Provided', 11, 10);
INSERT INTO `Register_bk` VALUES (518, 379085, 0x3131363034353736, 'ELLY BITOK', 'Not Provided', 11, 10);
INSERT INTO `Register_bk` VALUES (519, 383552, 0x3132383530373431, 'BARNABAS ROP', 'Not Provided', 11, 10);
INSERT INTO `Register_bk` VALUES (520, 383581, 0x3133383036333838, 'MICHAEL KEMBOI', 'Not Provided', 11, 10);
INSERT INTO `Register_bk` VALUES (521, 384015, 0x39313538303937, 'EVERLN JEPCHUMBA', 'Not Provided', 11, 10);
INSERT INTO `Register_bk` VALUES (522, 397019, 0x3132353638323533, 'JANE TANUI', 'Not Provided', 11, 10);
INSERT INTO `Register_bk` VALUES (523, 406392, 0x3133383036313937, 'NORMAN MUTAI', 'Not Provided', 11, 10);
INSERT INTO `Register_bk` VALUES (524, 406476, 0x3132343639303031, 'PETER SANG', 'Not Provided', 11, 10);
INSERT INTO `Register_bk` VALUES (525, 407318, 0x3133333632383831, 'RICHARD MALEL', 'Not Provided', 11, 10);
INSERT INTO `Register_bk` VALUES (526, 408796, 0x3133333634353631, 'PHILIP MELI', 'Not Provided', 11, 10);
INSERT INTO `Register_bk` VALUES (527, 410162, 0x3230323031393932, 'BRIGID SANG', 'Not Provided', 11, 10);
INSERT INTO `Register_bk` VALUES (528, 410206, 0x3133333035393233, 'PHILIP RONO', 'Not Provided', 11, 10);
INSERT INTO `Register_bk` VALUES (529, 410314, 0x3133323932323836, 'DANIEL NYANGO', 'Not Provided', 11, 10);
INSERT INTO `Register_bk` VALUES (530, 422138, 0x3131313637303133, 'SELLY JEPTOO', 'Not Provided', 11, 10);
INSERT INTO `Register_bk` VALUES (531, 422155, 0x3230313237333933, 'ELIUD MUTAI', 'Not Provided', 11, 10);
INSERT INTO `Register_bk` VALUES (532, 425210, 0x3231373338323231, 'RUGUT', 'Not Provided', 11, 10);
INSERT INTO `Register_bk` VALUES (533, 439054, 0x3131363035383233, 'STANLEY MUKALANI', 'Not Provided', 11, 10);
INSERT INTO `Register_bk` VALUES (534, 455292, 0x3231363539373837, 'EVANS RONO', 'Not Provided', 11, 10);
INSERT INTO `Register_bk` VALUES (535, 455314, 0x3230303439363735, 'JOSEPH KIPKEMBOI', 'Not Provided', 11, 10);
INSERT INTO `Register_bk` VALUES (536, 472289, 0x3232363935313830, 'PRISCAH TOO', 'Not Provided', 11, 10);
INSERT INTO `Register_bk` VALUES (537, 496215, 0x3234323030363031, 'CELESTINE JEPCHUMBA', 'Not Provided', 11, 10);
INSERT INTO `Register_bk` VALUES (538, 541043, 0x3233393330373533, 'WESLY ROTICH', 'Not Provided', 11, 10);
INSERT INTO `Register_bk` VALUES (539, 564260, 0x3232353835363138, 'RITAH KITUR', '07362965334', 1, 10);
INSERT INTO `Register_bk` VALUES (542, 308673, 0x35323736323535, 'PETER KIBET CHEPKWONY', '0723365461', 5, 10);
INSERT INTO `Register_bk` VALUES (543, 197208, 0x33323839383533, 'PHILIP MATUI', '254729973001', 5, 10);
INSERT INTO `Register_bk` VALUES (544, 427005, 0x3231373937343738, 'CLARAH JERONO', '254713749242', 7, 10);
INSERT INTO `Register_bk` VALUES (546, 242614, 0x33323836393639, 'SIMEON SANG', '0', 4, 10);
INSERT INTO `Register_bk` VALUES (547, 237250, 0x34303035383238, 'SALLY TENAI', '0726832541', 2, 10);
INSERT INTO `Register_bk` VALUES (548, 332653, 0x35323736363037, 'PHILIP MAIYO', '254710783520', 4, 10);
INSERT INTO `Register_bk` VALUES (549, 512384, 0x3233393833333037, 'CELESTINE CHEPKOECH', '0', 2, 10);
INSERT INTO `Register_bk` VALUES (550, 301970, 0x35353637313031, 'MICAH KIPTUM', '0', 12, 10);
INSERT INTO `Register_bk` VALUES (551, 440708, 0x3232303439393232, 'DAVID MURGOR', '0', 7, 10);
INSERT INTO `Register_bk` VALUES (552, 246266, 0x38353931383832, 'SAMWEL RUTO', '0', 2, 10);
INSERT INTO `Register_bk` VALUES (553, 331059, 0x39383639303831, 'EMILY TANUI', '0', 4, 10);
INSERT INTO `Register_bk` VALUES (554, 249710, 0x35353836393233, 'CELESTINE JEPNGETICH', '0', 1, 10);
INSERT INTO `Register_bk` VALUES (555, 236271, 0x33393939323934, 'NAHAMAN METTO', '0', 7, 10);
INSERT INTO `Register_bk` VALUES (556, 422137, 0x3130353430353838, 'PHILEMON CHIRCHIR', '0729019763', 1, 10);
INSERT INTO `Register_bk` VALUES (557, 309599, 0x35363132333138, 'JOHN KOSGEI', '0', 6, 10);
INSERT INTO `Register_bk` VALUES (558, 455451, 0x3231373637343639, 'KIPCHICHIR KETER', '0', 6, 10);
INSERT INTO `Register_bk` VALUES (559, 242659, 0x38353931363838, 'JOYCE BETT', '0', 6, 10);
INSERT INTO `Register_bk` VALUES (560, 270611, 0x38323935333432, 'LENAH BOIT', '0', 1, 10);
INSERT INTO `Register_bk` VALUES (561, 272156, 0x35323736303438, 'DANIEL CHERUIYOT', '0', 11, 10);
INSERT INTO `Register_bk` VALUES (562, 262559, 0x38373136343034, 'LENA BITTOK', '0', 9, 10);
INSERT INTO `Register_bk` VALUES (563, 287792, 0x37373035343631, 'JOHN TANUI', '0', 9, 10);
INSERT INTO `Register_bk` VALUES (564, 202880, 0x33383136373339, 'PRISCA CHUMO', '0', 9, 10);
INSERT INTO `Register_bk` VALUES (565, 361047, 0x3131313637323234, 'JOSPHAT CHERUIYOT', 'Not Provided', 1, 10);
INSERT INTO `Register_bk` VALUES (566, 165150, 0x37363239313131, 'ELIJAH SIELE', 'Not Provided', 11, 10);
INSERT INTO `Register_bk` VALUES (567, 381335, 0x3133333633333032, 'HELLEN SEREM', '0', 7, 10);
INSERT INTO `Register_bk` VALUES (568, 406475, 0x3134373234373133, 'PETER KOECH', '0', 2, 10);
INSERT INTO `Register_bk` VALUES (569, 319566, 0x33323931343730, 'DAVID NGATAT', '0', 2, 10);
INSERT INTO `Register_bk` VALUES (570, 380778, 0x3133333035363038, 'JOSPHAT KORIR', '0', 6, 10);
INSERT INTO `Register_bk` VALUES (571, 112, 0x3234373738333435, 'DOMINIC', '038473284', 1, 10);

-- ----------------------------
-- Table structure for School
-- ----------------------------
DROP TABLE IF EXISTS `School`;
CREATE TABLE `School`  (
  `ID` int(11) NOT NULL AUTO_INCREMENT,
  `Name` varchar(255) CHARACTER SET latin1 COLLATE latin1_swedish_ci NULL DEFAULT NULL,
  `Tsc_No` int(11) NULL DEFAULT NULL,
  PRIMARY KEY (`ID`) USING BTREE,
  UNIQUE INDEX `School_ibfk_1`(`Tsc_No`) USING BTREE,
  CONSTRAINT `School_ibfk_1` FOREIGN KEY (`Tsc_No`) REFERENCES `Register` (`TSC_No`) ON DELETE CASCADE ON UPDATE CASCADE
) ENGINE = InnoDB AUTO_INCREMENT = 572 CHARACTER SET = latin1 COLLATE = latin1_swedish_ci ROW_FORMAT = Dynamic;

-- ----------------------------
-- Records of School
-- ----------------------------
INSERT INTO `School` VALUES (2, 'KOISEGEM PR.', 126090);
INSERT INTO `School` VALUES (3, 'CHEPKAKWEN PR.', 129673);
INSERT INTO `School` VALUES (4, 'KETENG', 132993);
INSERT INTO `School` VALUES (5, 'MATAMBACH PR.', 138561);
INSERT INTO `School` VALUES (6, 'SDA KIMOLWET PR.', 138583);
INSERT INTO `School` VALUES (7, 'ST. JOSEPH KAMASIA', 139688);
INSERT INTO `School` VALUES (8, 'KUNURTER', 145984);
INSERT INTO `School` VALUES (9, 'BISHOP BIRECH PR.', 149808);
INSERT INTO `School` VALUES (10, 'CHEPSOGOR', 150015);
INSERT INTO `School` VALUES (11, 'ST. PETERS KAPKEBEN', 150212);
INSERT INTO `School` VALUES (12, 'CHEPKEBUGE', 150978);
INSERT INTO `School` VALUES (13, 'ST. MARYS KABISAGA', 151157);
INSERT INTO `School` VALUES (14, 'NANDI PR.', 151163);
INSERT INTO `School` VALUES (15, 'BARASENDU', 151171);
INSERT INTO `School` VALUES (16, 'CHEPKUMIA PR. SCHL', 153484);
INSERT INTO `School` VALUES (17, 'EMIT', 154505);
INSERT INTO `School` VALUES (18, 'AIC KAIGAT PR.', 155558);
INSERT INTO `School` VALUES (19, 'CHEPKOBER PR.', 155630);
INSERT INTO `School` VALUES (20, 'KAPCHEPSIR', 155662);
INSERT INTO `School` VALUES (21, 'KOYO PR.', 157986);
INSERT INTO `School` VALUES (22, 'KAPTAKUGUNYO', 160265);
INSERT INTO `School` VALUES (23, 'TAITO ', 160323);
INSERT INTO `School` VALUES (24, 'KIPKARREN T/SHIP', 160376);
INSERT INTO `School` VALUES (25, 'MURGUIYWO PR.', 161254);
INSERT INTO `School` VALUES (26, 'AIC KAPCHEMOIYWO', 161268);
INSERT INTO `School` VALUES (27, 'KIBABET ', 165274);
INSERT INTO `School` VALUES (28, 'KOGAMEI PR.', 165479);
INSERT INTO `School` VALUES (29, 'SACHANGWAN PR.', 166271);
INSERT INTO `School` VALUES (30, 'NDURURO', 170880);
INSERT INTO `School` VALUES (31, 'SIMBI', 170914);
INSERT INTO `School` VALUES (32, 'BIREI SDA', 173335);
INSERT INTO `School` VALUES (33, 'KIPCHABO', 173338);
INSERT INTO `School` VALUES (34, 'SARU GAA PR.', 173390);
INSERT INTO `School` VALUES (35, 'SIGOWET PR.', 175821);
INSERT INTO `School` VALUES (36, 'KAPTEBEE PR.', 176093);
INSERT INTO `School` VALUES (37, 'OGIRGIR', 176095);
INSERT INTO `School` VALUES (38, 'KABOROGIN PR.', 176415);
INSERT INTO `School` VALUES (39, 'KAPCHEPKOK', 176447);
INSERT INTO `School` VALUES (40, 'NDAPTABWA PR.', 177206);
INSERT INTO `School` VALUES (41, 'KIPKOROR', 179202);
INSERT INTO `School` VALUES (42, 'KAPKURES', 180205);
INSERT INTO `School` VALUES (43, 'KAMANYINYA PR.', 180219);
INSERT INTO `School` VALUES (44, 'ARWOS', 180226);
INSERT INTO `School` VALUES (45, 'TELDET PR.', 180466);
INSERT INTO `School` VALUES (46, 'KABOGWA', 181233);
INSERT INTO `School` VALUES (47, 'KAPKO PR.', 182541);
INSERT INTO `School` VALUES (48, 'MORONGIOT', 183370);
INSERT INTO `School` VALUES (49, 'TULON PR.', 183652);
INSERT INTO `School` VALUES (50, 'CHERONDO', 188679);
INSERT INTO `School` VALUES (51, 'KETAM PR.', 189358);
INSERT INTO `School` VALUES (52, 'KAPKOBIS PR.', 197059);
INSERT INTO `School` VALUES (53, 'TUIGOIN PR.', 197126);
INSERT INTO `School` VALUES (54, 'ITIGO PR.', 197135);
INSERT INTO `School` VALUES (55, 'IBANJA PR.', 197154);
INSERT INTO `School` VALUES (56, 'FR. TOROR PR.', 197168);
INSERT INTO `School` VALUES (57, 'KIBWARENG', 201797);
INSERT INTO `School` VALUES (58, 'KABIYEMIT PR.', 202089);
INSERT INTO `School` VALUES (59, 'SAVANI PR.', 202339);
INSERT INTO `School` VALUES (60, 'KOROMO PR.', 202340);
INSERT INTO `School` VALUES (61, 'KAPTENDON', 202398);
INSERT INTO `School` VALUES (62, 'KAPSOSIO', 202735);
INSERT INTO `School` VALUES (63, 'MUTWOT PR.', 210426);
INSERT INTO `School` VALUES (64, 'ST. PATRICKS CHEMNOET', 210599);
INSERT INTO `School` VALUES (65, 'KAMELIL', 211050);
INSERT INTO `School` VALUES (66, 'BUREBDE', 211277);
INSERT INTO `School` VALUES (67, 'SERENGONIK', 211486);
INSERT INTO `School` VALUES (68, 'KAPSISIYWA', 211488);
INSERT INTO `School` VALUES (69, 'KAPKOIMUR ', 211492);
INSERT INTO `School` VALUES (70, 'IBENG', 211916);
INSERT INTO `School` VALUES (71, 'CHEPKUNYUNK', 211937);
INSERT INTO `School` VALUES (73, 'KAPKITONY', 212507);
INSERT INTO `School` VALUES (74, 'KIMGERU', 212616);
INSERT INTO `School` VALUES (75, 'MESWO PR.', 212658);
INSERT INTO `School` VALUES (76, 'CHRIST THE KING', 217172);
INSERT INTO `School` VALUES (77, 'KITAOR', 217214);
INSERT INTO `School` VALUES (78, 'KEMELOI PR.', 217217);
INSERT INTO `School` VALUES (79, 'BISHOP MUGE', 217224);
INSERT INTO `School` VALUES (80, 'ATEPWA PR.', 217264);
INSERT INTO `School` VALUES (81, 'CHEPTURER', 217265);
INSERT INTO `School` VALUES (82, 'KUGERONIOT PR.', 217276);
INSERT INTO `School` VALUES (83, 'KOILOT SEC.', 217300);
INSERT INTO `School` VALUES (84, 'SOCHOI', 217313);
INSERT INTO `School` VALUES (85, 'UNKNOWN', 217343);
INSERT INTO `School` VALUES (86, 'CHEMALEL', 217370);
INSERT INTO `School` VALUES (87, 'KAPKITUI PR.', 217398);
INSERT INTO `School` VALUES (88, 'ST. THOMAS KAIBOI PR.', 217404);
INSERT INTO `School` VALUES (89, 'TERESIA PR.', 218558);
INSERT INTO `School` VALUES (91, 'KEBULONIK MIDLANDS ', 225008);
INSERT INTO `School` VALUES (92, 'KIBIGOBE PR.', 225180);
INSERT INTO `School` VALUES (93, 'KIMWANI', 225183);
INSERT INTO `School` VALUES (94, 'CHEPTILIL PR. ', 227047);
INSERT INTO `School` VALUES (95, 'KAPKANGANI PRI', 227071);
INSERT INTO `School` VALUES (96, 'CHOIMIM', 229663);
INSERT INTO `School` VALUES (97, 'AINAPNGETUNY PR.', 230320);
INSERT INTO `School` VALUES (98, 'MATEMA', 404686);
INSERT INTO `School` VALUES (99, 'KAPKURUGE', 230630);
INSERT INTO `School` VALUES (100, 'ST. MARY S SUGUT PR.', 230967);
INSERT INTO `School` VALUES (101, 'KAPTEL BOYS HIGH SCHL', 232464);
INSERT INTO `School` VALUES (102, 'BAREKEIYWET PR.', 233520);
INSERT INTO `School` VALUES (103, 'TANGATON', 233701);
INSERT INTO `School` VALUES (104, 'KIPSAMOITE PR. ', 233754);
INSERT INTO `School` VALUES (105, 'KABONGWA PR.', 233765);
INSERT INTO `School` VALUES (106, 'ST. PAULS CHEPKOBER', 234347);
INSERT INTO `School` VALUES (107, 'NGOROIN PR.', 234348);
INSERT INTO `School` VALUES (108, 'ST. PANTELEIMON KENYOR', 234620);
INSERT INTO `School` VALUES (109, 'CHEMURSOI', 234818);
INSERT INTO `School` VALUES (110, 'ST. MARY S SUGUT PR.', 234927);
INSERT INTO `School` VALUES (111, 'KAPTEL PR.', 234935);
INSERT INTO `School` VALUES (112, 'OUR LADY OF PEACE', 236175);
INSERT INTO `School` VALUES (113, 'KEPKEMBUR ', 237270);
INSERT INTO `School` VALUES (114, 'KIROPKET PR.', 237283);
INSERT INTO `School` VALUES (115, 'KAMAGAP PR.', 237286);
INSERT INTO `School` VALUES (116, 'CHEBIRIR', 238234);
INSERT INTO `School` VALUES (117, 'ST. JOHN THE BAPTIST', 240851);
INSERT INTO `School` VALUES (118, 'TALAI', 241568);
INSERT INTO `School` VALUES (119, 'SOIMINING PR.', 241614);
INSERT INTO `School` VALUES (120, 'TAUNET', 242627);
INSERT INTO `School` VALUES (121, 'KABOLEBO', 242643);
INSERT INTO `School` VALUES (122, 'KAPNGANIO PR.', 242645);
INSERT INTO `School` VALUES (123, 'KOSIAGE', 243997);
INSERT INTO `School` VALUES (124, 'KIPSEBWO PR.', 244492);
INSERT INTO `School` VALUES (125, 'KAPTIEN ', 244506);
INSERT INTO `School` VALUES (126, 'LELAIBEI PR.', 245638);
INSERT INTO `School` VALUES (127, 'LELMOKWO PR.', 246149);
INSERT INTO `School` VALUES (128, 'KAPKOI', 246157);
INSERT INTO `School` VALUES (129, 'KAPSILE PR.', 246158);
INSERT INTO `School` VALUES (130, 'KIBOSWA PR.', 246179);
INSERT INTO `School` VALUES (131, 'KAPSOKIO PR.', 246187);
INSERT INTO `School` VALUES (132, 'CHEROBON', 246190);
INSERT INTO `School` VALUES (133, 'KERERI', 246270);
INSERT INTO `School` VALUES (134, 'SENETWO', 246272);
INSERT INTO `School` VALUES (135, 'KIPCHUNU PR.', 246902);
INSERT INTO `School` VALUES (136, 'EISERO PR.', 247413);
INSERT INTO `School` VALUES (137, 'LAMAIYWO', 248722);
INSERT INTO `School` VALUES (138, 'KIPSIORORI PR.', 248916);
INSERT INTO `School` VALUES (139, 'KEBULONIK PR.', 248979);
INSERT INTO `School` VALUES (140, 'KEBURO PR.', 249212);
INSERT INTO `School` VALUES (141, 'AIC CHEPKETEI PR.', 249637);
INSERT INTO `School` VALUES (142, 'BISHOP KOGO CHEPTIL', 249711);
INSERT INTO `School` VALUES (143, 'CHEMARE PR.', 249729);
INSERT INTO `School` VALUES (144, 'ST. BARNABAS ', 250998);
INSERT INTO `School` VALUES (145, 'OL LESSOS MIXED SEC.', 251628);
INSERT INTO `School` VALUES (146, 'SDA KUNGORWET PR.', 251899);
INSERT INTO `School` VALUES (147, 'KOMBE PR', 252056);
INSERT INTO `School` VALUES (148, 'ST. PETERS CHEPKONGONY', 252345);
INSERT INTO `School` VALUES (149, 'KAPSIGILAI', 252790);
INSERT INTO `School` VALUES (150, 'CHEPYEGORIS PR.', 252792);
INSERT INTO `School` VALUES (151, 'NDALAT D.E.B', 254219);
INSERT INTO `School` VALUES (152, 'KIPSUGUR PR.', 256999);
INSERT INTO `School` VALUES (153, 'KOROSIOT PR.', 257014);
INSERT INTO `School` VALUES (154, 'KAPLEMET', 257080);
INSERT INTO `School` VALUES (155, 'KAPSSOEN', 257088);
INSERT INTO `School` VALUES (156, 'KAGARWA SDA PR.', 257120);
INSERT INTO `School` VALUES (157, 'KIPTURE', 257127);
INSERT INTO `School` VALUES (158, 'KIPSAMO', 257777);
INSERT INTO `School` VALUES (159, 'KAPSAOS ', 261359);
INSERT INTO `School` VALUES (160, 'AIC LOLKERINGET PR.', 261369);
INSERT INTO `School` VALUES (161, 'KIPSIELE', 261858);
INSERT INTO `School` VALUES (162, 'KABIRER', 261859);
INSERT INTO `School` VALUES (163, 'CHEPNGETUNY PR.', 261861);
INSERT INTO `School` VALUES (164, 'KECHIRE PR.', 266403);
INSERT INTO `School` VALUES (165, 'KLELBOINET', 266931);
INSERT INTO `School` VALUES (166, 'NGOROMOSIO PR.', 267659);
INSERT INTO `School` VALUES (167, 'ST. MATHEWS SEPTONOK ', 270489);
INSERT INTO `School` VALUES (168, 'NDULELE PR.', 270608);
INSERT INTO `School` VALUES (169, 'MBOGO VALE PR.', 275063);
INSERT INTO `School` VALUES (170, 'ST. JUDE PR. KOKWET ', 278069);
INSERT INTO `School` VALUES (171, 'KIMNGOROR PR.', 278435);
INSERT INTO `School` VALUES (172, 'NGOMWO PR.', 283012);
INSERT INTO `School` VALUES (173, 'CHEMOGONG', 283790);
INSERT INTO `School` VALUES (174, 'TIGITYO', 284273);
INSERT INTO `School` VALUES (175, 'KOKAMEI', 284274);
INSERT INTO `School` VALUES (176, 'ALDAI PR.', 288720);
INSERT INTO `School` VALUES (177, 'ST. PAULS KAPKECHUI PR.', 289800);
INSERT INTO `School` VALUES (178, 'AGC NGENY', 290480);
INSERT INTO `School` VALUES (179, 'KOITABUT', 290512);
INSERT INTO `School` VALUES (180, 'ST JOHNS KIPTAMUK', 292968);
INSERT INTO `School` VALUES (181, 'NGEREK ', 296739);
INSERT INTO `School` VALUES (182, 'KIPTURE SEC.', 296748);
INSERT INTO `School` VALUES (183, 'CHEPTILIL-SUSWO', 297013);
INSERT INTO `School` VALUES (184, 'KESOGON SEC.', 297089);
INSERT INTO `School` VALUES (185, 'KIPSARTUK', 297717);
INSERT INTO `School` VALUES (186, 'SEGUT PR.', 299541);
INSERT INTO `School` VALUES (187, 'CHEPKUNY', 299957);
INSERT INTO `School` VALUES (188, 'NDERIO', 301028);
INSERT INTO `School` VALUES (189, 'CHESUWE PR.', 301889);
INSERT INTO `School` VALUES (190, 'KAPSABET SCH. FOR DEAF', 301890);
INSERT INTO `School` VALUES (191, 'SANGALO TOWNSHIP', 301972);
INSERT INTO `School` VALUES (192, 'KAPNYEBERAI', 302000);
INSERT INTO `School` VALUES (193, 'NDURIO SEC.', 306122);
INSERT INTO `School` VALUES (194, 'PEMJA', 309496);
INSERT INTO `School` VALUES (195, 'MUGEN', 309505);
INSERT INTO `School` VALUES (196, 'KOSABEI', 309573);
INSERT INTO `School` VALUES (197, 'CHEPKECHIR', 309583);
INSERT INTO `School` VALUES (198, 'ST. MARYS SOSIOT', 309600);
INSERT INTO `School` VALUES (199, 'TUKTUK', 310734);
INSERT INTO `School` VALUES (200, 'A.I.C KAPTICH PR.', 310737);
INSERT INTO `School` VALUES (201, 'ENEGO PR.', 312437);
INSERT INTO `School` VALUES (202, 'TULON SEC.', 314609);
INSERT INTO `School` VALUES (203, 'AIC KIMONG SEC.', 315141);
INSERT INTO `School` VALUES (204, 'LUTIET PR.', 316514);
INSERT INTO `School` VALUES (205, 'KAPKOLEI PR.', 316663);
INSERT INTO `School` VALUES (206, 'KAPKIBIMBIR', 317029);
INSERT INTO `School` VALUES (207, 'MOSOBECHO', 317740);
INSERT INTO `School` VALUES (208, 'KABIRER', 318098);
INSERT INTO `School` VALUES (209, 'NGOMWO PR.', 318100);
INSERT INTO `School` VALUES (210, 'HCO CHEBUGUNDI PR.', 318102);
INSERT INTO `School` VALUES (211, 'AIC KOSIRAI GIRLS ', 318341);
INSERT INTO `School` VALUES (212, 'CHEPTUINGENY', 318342);
INSERT INTO `School` VALUES (213, 'KIMINDA PR.', 319085);
INSERT INTO `School` VALUES (214, 'ST. EMMANUEL', 319197);
INSERT INTO `School` VALUES (215, 'KAMOBO PR.', 319204);
INSERT INTO `School` VALUES (216, 'KIMOLWO PR.', 319209);
INSERT INTO `School` VALUES (217, 'KAPLAMAI', 319216);
INSERT INTO `School` VALUES (218, 'MASABA PR.', 319363);
INSERT INTO `School` VALUES (219, 'CHEPTERWAI ', 319565);
INSERT INTO `School` VALUES (220, 'NUKIAT', 319567);
INSERT INTO `School` VALUES (221, 'KAMURGUIYWA', 320032);
INSERT INTO `School` VALUES (222, 'KIPKOROM PR.', 321057);
INSERT INTO `School` VALUES (223, 'CHEPTARIT PR.', 321058);
INSERT INTO `School` VALUES (224, 'CHEPSUI', 321446);
INSERT INTO `School` VALUES (225, 'KABOSWA PR.', 326191);
INSERT INTO `School` VALUES (226, 'KAPKEMICH', 326684);
INSERT INTO `School` VALUES (227, 'KAMOTONY PR.', 328803);
INSERT INTO `School` VALUES (228, 'KAMONJIL PR.', 329194);
INSERT INTO `School` VALUES (229, 'KAPKAGARON PR.', 329201);
INSERT INTO `School` VALUES (230, 'KARLEL PR.', 329202);
INSERT INTO `School` VALUES (231, 'PENTANGON ACADEMY', 330445);
INSERT INTO `School` VALUES (232, 'KOISAGAT PR.', 330873);
INSERT INTO `School` VALUES (233, 'OLBUTENET', 331056);
INSERT INTO `School` VALUES (234, 'NDONYONGARIA PR.', 331335);
INSERT INTO `School` VALUES (235, 'KIPCHAWAT PR.', 331434);
INSERT INTO `School` VALUES (236, 'CHEPSAITA PR.', 332127);
INSERT INTO `School` VALUES (237, 'CHEPYEWEI PR.', 337922);
INSERT INTO `School` VALUES (238, 'AIC KAPKOIBAI PR.', 339105);
INSERT INTO `School` VALUES (239, 'SEGEMIK PR.', 339113);
INSERT INTO `School` VALUES (240, 'KAPKITARA PR.', 339126);
INSERT INTO `School` VALUES (241, 'KAIMOSI SPECIAL SCHOOL', 340521);
INSERT INTO `School` VALUES (242, 'KIPKEGENDA', 340798);
INSERT INTO `School` VALUES (243, 'KIPSIRWO PR.', 341454);
INSERT INTO `School` VALUES (244, 'MOGOIYWO PR.', 341906);
INSERT INTO `School` VALUES (245, 'KAMKONG', 342876);
INSERT INTO `School` VALUES (246, 'OLLESSOS PR.', 343360);
INSERT INTO `School` VALUES (247, 'MUNGUDOI PR.', 343571);
INSERT INTO `School` VALUES (248, 'SANIAK PR.', 343633);
INSERT INTO `School` VALUES (249, 'P.A.G JERUSALEM', 343641);
INSERT INTO `School` VALUES (250, 'KABIRER', 345668);
INSERT INTO `School` VALUES (251, 'METEITEI', 346536);
INSERT INTO `School` VALUES (252, 'MOKONG', 354811);
INSERT INTO `School` VALUES (253, 'KIPSIGAK PR.', 355582);
INSERT INTO `School` VALUES (254, 'KAPKLOLON', 360136);
INSERT INTO `School` VALUES (255, 'KIMUGUL', 360138);
INSERT INTO `School` VALUES (256, 'CHELAMBUT', 360143);
INSERT INTO `School` VALUES (257, 'KAPRURET', 360364);
INSERT INTO `School` VALUES (258, 'ST PHILIPS KAMATRGUI', 360488);
INSERT INTO `School` VALUES (259, 'KOIBEIYO', 360489);
INSERT INTO `School` VALUES (260, 'TABOLWA PR.', 360490);
INSERT INTO `School` VALUES (261, 'KIPKIMBA', 360533);
INSERT INTO `School` VALUES (262, 'KIPTEBES PR.', 361046);
INSERT INTO `School` VALUES (263, 'KABIKWEN', 361934);
INSERT INTO `School` VALUES (264, 'KIPLETITO PR.', 362067);
INSERT INTO `School` VALUES (265, 'KAPTEBONGWO', 362331);
INSERT INTO `School` VALUES (266, 'KIPKONGORWO PR.', 365329);
INSERT INTO `School` VALUES (267, 'ST. BARNABAS PR.', 365410);
INSERT INTO `School` VALUES (268, 'KIBUGAT', 365411);
INSERT INTO `School` VALUES (269, 'KURGUNG T/SHIP', 365521);
INSERT INTO `School` VALUES (270, 'KABIRIRSANG', 365526);
INSERT INTO `School` VALUES (271, 'CHEPKONGONY', 366073);
INSERT INTO `School` VALUES (272, 'AIC SETYOT', 366422);
INSERT INTO `School` VALUES (273, 'CHEPKIEP PR.', 366893);
INSERT INTO `School` VALUES (274, 'MOGOMBEN', 366896);
INSERT INTO `School` VALUES (275, 'AIC KOLONG', 366906);
INSERT INTO `School` VALUES (276, 'SANGALO PR.', 366912);
INSERT INTO `School` VALUES (277, 'CHEPKOIYO PR.', 367098);
INSERT INTO `School` VALUES (278, 'CHEPNGABAI PR.', 367128);
INSERT INTO `School` VALUES (279, 'KAPSABAOT PR.', 367130);
INSERT INTO `School` VALUES (280, 'KIPTARUSWO', 367136);
INSERT INTO `School` VALUES (281, 'KAPTUMEK', 367758);
INSERT INTO `School` VALUES (282, 'KISKUSKONG', 367765);
INSERT INTO `School` VALUES (283, 'RUBET PR.', 367769);
INSERT INTO `School` VALUES (284, 'BISHOP MUGE- MEMORIAL', 367770);
INSERT INTO `School` VALUES (285, 'RESSIO PR.', 367774);
INSERT INTO `School` VALUES (286, 'SAMOGET', 367776);
INSERT INTO `School` VALUES (287, 'MOGOIYWO', 367781);
INSERT INTO `School` VALUES (288, 'ST. MATHEWS MARABA', 367782);
INSERT INTO `School` VALUES (289, 'SOBA RIVER PR.', 368182);
INSERT INTO `School` VALUES (290, 'KAPLELACH', 368940);
INSERT INTO `School` VALUES (291, 'KIPLEGUT', 368944);
INSERT INTO `School` VALUES (292, 'SARORA', 368945);
INSERT INTO `School` VALUES (293, 'SDA LABUIYWO', 369055);
INSERT INTO `School` VALUES (294, 'TINDIRET TEA ', 369287);
INSERT INTO `School` VALUES (295, 'SARWAT ', 369289);
INSERT INTO `School` VALUES (296, 'KAMASAI', 369298);
INSERT INTO `School` VALUES (297, 'KOLELACH PR.', 369299);
INSERT INTO `School` VALUES (298, 'CHERUNGUT', 369302);
INSERT INTO `School` VALUES (299, 'KIPLOLOK PR.', 369582);
INSERT INTO `School` VALUES (300, 'KAIBOI T.T.I', 369586);
INSERT INTO `School` VALUES (301, 'CHEMOBO', 370088);
INSERT INTO `School` VALUES (302, 'SOBA SEC.', 370456);
INSERT INTO `School` VALUES (303, 'KOBUJOI', 370461);
INSERT INTO `School` VALUES (304, 'LELECHWET PR.', 370939);
INSERT INTO `School` VALUES (305, 'CHEPSWERTA', 370944);
INSERT INTO `School` VALUES (306, 'KIMATKEI', 370947);
INSERT INTO `School` VALUES (307, 'IBOI SDA ACADEMY', 370950);
INSERT INTO `School` VALUES (308, 'CHEMNEGO PR.', 379070);
INSERT INTO `School` VALUES (309, 'CHEBINYINY', 379076);
INSERT INTO `School` VALUES (310, 'KIPTIONGIN', 379095);
INSERT INTO `School` VALUES (311, 'TEGEIYAT PR.', 379098);
INSERT INTO `School` VALUES (312, 'KAMARICH PR.', 379161);
INSERT INTO `School` VALUES (313, 'KAPTOROI', 379573);
INSERT INTO `School` VALUES (314, 'LEBELEN PR.', 379578);
INSERT INTO `School` VALUES (315, 'KAPSUMBEIYWO', 381336);
INSERT INTO `School` VALUES (316, 'LABORET', 381337);
INSERT INTO `School` VALUES (317, 'MOSOP KIMONG', 381340);
INSERT INTO `School` VALUES (318, 'MUGUNYA', 381762);
INSERT INTO `School` VALUES (319, 'KAPTILOL', 382388);
INSERT INTO `School` VALUES (320, 'KIPKOMBOT PR.', 382391);
INSERT INTO `School` VALUES (321, 'TUNGURURWO', 382404);
INSERT INTO `School` VALUES (322, 'KOYO SEC.', 382408);
INSERT INTO `School` VALUES (323, 'CHEBILAT PR.', 383152);
INSERT INTO `School` VALUES (324, 'NDUROTO', 383566);
INSERT INTO `School` VALUES (325, 'KAPSABET BOYS PR.', 383570);
INSERT INTO `School` VALUES (326, 'KIBWARI', 383579);
INSERT INTO `School` VALUES (327, 'KORMAET PR.', 384001);
INSERT INTO `School` VALUES (328, 'KIPSOTOI', 384020);
INSERT INTO `School` VALUES (329, 'MUSLIM PR.', 384931);
INSERT INTO `School` VALUES (330, 'IBOE', 384942);
INSERT INTO `School` VALUES (331, 'IPA KAIMOSI PR.', 384944);
INSERT INTO `School` VALUES (333, 'GOT NE LEL', 385654);
INSERT INTO `School` VALUES (334, 'SDA KIPSAMOITE', 385658);
INSERT INTO `School` VALUES (335, 'CHEPSIOCH PR.', 385660);
INSERT INTO `School` VALUES (336, 'KOIBAN ', 385661);
INSERT INTO `School` VALUES (337, 'KABUSON PR.', 386445);
INSERT INTO `School` VALUES (338, 'AIC KABILO PR.', 386447);
INSERT INTO `School` VALUES (339, 'KOSGEI IRIMIS', 386454);
INSERT INTO `School` VALUES (340, 'CHEMASE', 393848);
INSERT INTO `School` VALUES (341, 'KABUTIE PR.', 397363);
INSERT INTO `School` VALUES (342, 'CHEBIL', 398463);
INSERT INTO `School` VALUES (343, 'KIPKEIBON', 405764);
INSERT INTO `School` VALUES (344, 'TERIGE PR.', 405825);
INSERT INTO `School` VALUES (345, 'TIRIN S.D.A PR.', 406374);
INSERT INTO `School` VALUES (346, 'KAPSEAN', 406388);
INSERT INTO `School` VALUES (347, 'KOILOT PR.', 406401);
INSERT INTO `School` VALUES (348, 'KAPSIMATWO PR.', 408041);
INSERT INTO `School` VALUES (349, 'LENGON', 408208);
INSERT INTO `School` VALUES (350, 'CHEPTUIYET PR.', 410141);
INSERT INTO `School` VALUES (351, 'CHESIRIGAN AIC ', 410207);
INSERT INTO `School` VALUES (352, 'AIC SOSIOT ', 410217);
INSERT INTO `School` VALUES (353, 'SIRET ', 410271);
INSERT INTO `School` VALUES (354, 'KAPKOIMUR SEC.', 410304);
INSERT INTO `School` VALUES (355, 'TIRYO PR.', 411010);
INSERT INTO `School` VALUES (356, 'LENGUBEI PR.', 411018);
INSERT INTO `School` VALUES (357, 'SETEK GAA', 411076);
INSERT INTO `School` VALUES (358, 'FRS LELEI & TOROR PR.', 415404);
INSERT INTO `School` VALUES (359, 'KOMBE AIC ACADEMY', 417776);
INSERT INTO `School` VALUES (360, 'AIC TINDIRET', 418827);
INSERT INTO `School` VALUES (361, 'AIC TUIYOBEI', 422132);
INSERT INTO `School` VALUES (362, 'NDUBUSAT PR.', 440710);
INSERT INTO `School` VALUES (363, 'ACK CHEPTINGTING', 446184);
INSERT INTO `School` VALUES (364, 'AMAI', 343350);
INSERT INTO `School` VALUES (365, 'NAMGOI', 289690);
INSERT INTO `School` VALUES (366, 'KIPKARREN PR.', 318967);
INSERT INTO `School` VALUES (367, 'AIC KAMOTONG', 385672);
INSERT INTO `School` VALUES (368, 'NYIGON PRIMARY', 155063);
INSERT INTO `School` VALUES (369, 'NDURIO PR', 217260);
INSERT INTO `School` VALUES (370, 'KAMASIA PR.', 264412);
INSERT INTO `School` VALUES (371, 'KIBIGOBEI SECONDARY', 217272);
INSERT INTO `School` VALUES (372, 'CHEPTILIL', 151149);
INSERT INTO `School` VALUES (373, 'ST PETERS CHEPKONGONY', 320337);
INSERT INTO `School` VALUES (374, 'LEL GOY', 217252);
INSERT INTO `School` VALUES (375, 'CHEBUI', 346938);
INSERT INTO `School` VALUES (376, 'KAMURGUIYWO', 249699);
INSERT INTO `School` VALUES (377, 'KAPKUTO', 246573);
INSERT INTO `School` VALUES (378, 'CHETIGOK', 254389);
INSERT INTO `School` VALUES (379, 'CHESAITA', 381759);
INSERT INTO `School` VALUES (380, 'MWEIN', 190495);
INSERT INTO `School` VALUES (381, 'KAPTUMO', 343352);
INSERT INTO `School` VALUES (382, 'TORETMOI PRIMARY', 287710);
INSERT INTO `School` VALUES (383, 'MURGUIYWA', 449841);
INSERT INTO `School` VALUES (384, 'KALYE SEPTONOK', 254333);
INSERT INTO `School` VALUES (385, 'KIMWOGI PRIMARY', 368942);
INSERT INTO `School` VALUES (386, 'NGECHEK PRIMARY', 477455);
INSERT INTO `School` VALUES (387, 'KIMONG PRIMARY', 176612);
INSERT INTO `School` VALUES (388, 'ST JOSEPH TANGURUWET', 289692);
INSERT INTO `School` VALUES (389, 'MOKWA', 445499);
INSERT INTO `School` VALUES (390, 'FR KUNN ACADEMY CHEPTERIT', 242634);
INSERT INTO `School` VALUES (391, 'CHEPKIEP PRIMARY', 382392);
INSERT INTO `School` VALUES (392, 'KAPKISENGEI', 267444);
INSERT INTO `School` VALUES (393, 'AIC SIRGOI ACADEMY', 254087);
INSERT INTO `School` VALUES (394, 'KAPSAGAWAT PRIMARY', 217232);
INSERT INTO `School` VALUES (395, 'KABIRER', 226780);
INSERT INTO `School` VALUES (396, 'KABISAGA PRIMARY', 249715);
INSERT INTO `School` VALUES (397, 'MOSOMBOR PRIMARY', 285368);
INSERT INTO `School` VALUES (398, 'KIPKUTI PRIMARY', 217378);
INSERT INTO `School` VALUES (399, 'CHEBINYINY', 403302);
INSERT INTO `School` VALUES (400, 'TILALWA', 202506);
INSERT INTO `School` VALUES (401, 'KIPCHORWA', 367138);
INSERT INTO `School` VALUES (402, 'KAKURUNJO PRIMARY', 379575);
INSERT INTO `School` VALUES (403, 'KITAPKOI PRIMARY', 237241);
INSERT INTO `School` VALUES (404, 'KIMINDA PRIMARY', 360146);
INSERT INTO `School` VALUES (405, 'TULOI', 227072);
INSERT INTO `School` VALUES (406, 'KOYO PRIMARY', 237290);
INSERT INTO `School` VALUES (407, 'MALEL PRIMARY', 338669);
INSERT INTO `School` VALUES (408, 'KINGWAL', 368952);
INSERT INTO `School` VALUES (409, 'SEREM PRIMARY', 242597);
INSERT INTO `School` VALUES (410, 'PHILIP BIWOT PRIMARY', 267605);
INSERT INTO `School` VALUES (411, 'SASIMON PRIMARY', 221291);
INSERT INTO `School` VALUES (412, 'KAPSIMATWA PREPARATORY', 309561);
INSERT INTO `School` VALUES (413, 'TAMBUL PRIMARY', 422134);
INSERT INTO `School` VALUES (414, 'KISIGINWAI PRIMARY', 383995);
INSERT INTO `School` VALUES (415, 'SANGALO CENTRAL', 406266);
INSERT INTO `School` VALUES (416, 'SEGEMIK PRIMARY', 269350);
INSERT INTO `School` VALUES (417, 'ST CHRISTINE KOVIA', 386057);
INSERT INTO `School` VALUES (418, 'KAPKAWA PRIMARY', 381764);
INSERT INTO `School` VALUES (419, 'NANDI HILL TOWN SHIP', 99655);
INSERT INTO `School` VALUES (420, 'ENEGO PRIMARY', 188256);
INSERT INTO `School` VALUES (421, 'TANGATON PRIMARY', 343582);
INSERT INTO `School` VALUES (422, 'INDERIT PRIMARY', 379583);
INSERT INTO `School` VALUES (423, 'KOITALE SAMOEI', 344309);
INSERT INTO `School` VALUES (424, 'ORYOK', 369293);
INSERT INTO `School` VALUES (425, 'ST STEPHEN CHEBILAT', 229706);
INSERT INTO `School` VALUES (426, 'BEMJA', 417236);
INSERT INTO `School` VALUES (427, 'NDULELE PRIMARY', 386071);
INSERT INTO `School` VALUES (428, 'SIWO PRIMARY', 379172);
INSERT INTO `School` VALUES (429, 'KEBULONIK SECONDARY', 290477);
INSERT INTO `School` VALUES (430, 'EMDIN PRIMARY', 269067);
INSERT INTO `School` VALUES (431, 'SDA KIMOLWET', 383149);
INSERT INTO `School` VALUES (432, 'KOMBE PRIMARY', 361644);
INSERT INTO `School` VALUES (434, 'LELECHWET SEC', 406309);
INSERT INTO `School` VALUES (435, 'SDA TRIN', 365894);
INSERT INTO `School` VALUES (436, 'MURGUIYWO', 203494);
INSERT INTO `School` VALUES (437, 'CHEPTERIT', 319570);
INSERT INTO `School` VALUES (438, 'KUNURTER', 301805);
INSERT INTO `School` VALUES (439, 'KAMONJIL', 379069);
INSERT INTO `School` VALUES (440, 'EMSOS', 151167);
INSERT INTO `School` VALUES (441, 'CHERIBISI', 379145);
INSERT INTO `School` VALUES (442, 'TANGATON', 343583);
INSERT INTO `School` VALUES (443, 'CHEMARE PRIMARY', 332732);
INSERT INTO `School` VALUES (444, 'KAPKECHUI', 319190);
INSERT INTO `School` VALUES (445, 'KAPKINGINGICH', 360149);
INSERT INTO `School` VALUES (446, 'SOSIOT PRIMARY', 399613);
INSERT INTO `School` VALUES (447, 'KAPKOROS PRIMARY', 339107);
INSERT INTO `School` VALUES (448, 'KIRORO PRIMARY', 242612);
INSERT INTO `School` VALUES (449, 'KIPTIONGIN PRIMARY', 238023);
INSERT INTO `School` VALUES (450, 'SOIMINING PRIMARY', 242660);
INSERT INTO `School` VALUES (451, 'KOISOLIK PRIMARY', 381763);
INSERT INTO `School` VALUES (452, 'ALL SAINTS KEBULONIK', 410276);
INSERT INTO `School` VALUES (453, 'ALL SAINTS KAMOIYWO', 340797);
INSERT INTO `School` VALUES (454, 'ST PETERS BIREI PRIMARY', 277125);
INSERT INTO `School` VALUES (455, 'KIBOSWA PRIMARY', 329199);
INSERT INTO `School` VALUES (456, 'KIPSIORORI PRIMARY', 257105);
INSERT INTO `School` VALUES (457, 'MOGOGET', 189664);
INSERT INTO `School` VALUES (458, 'KOSIRAI PRIMARY', 338671);
INSERT INTO `School` VALUES (462, 'Not Provided', 155634);
INSERT INTO `School` VALUES (463, 'Not Provided', 177198);
INSERT INTO `School` VALUES (464, 'Not Provided', 180227);
INSERT INTO `School` VALUES (465, 'NOT PROVIDED', 189593);
INSERT INTO `School` VALUES (466, 'Not Provided', 189596);
INSERT INTO `School` VALUES (467, 'Not Provided', 189656);
INSERT INTO `School` VALUES (468, 'Not Provided', 202337);
INSERT INTO `School` VALUES (469, 'Not Provided', 217213);
INSERT INTO `School` VALUES (470, 'Not Provided', 217290);
INSERT INTO `School` VALUES (471, 'Not Provided', 217384);
INSERT INTO `School` VALUES (472, 'Not Provided', 225182);
INSERT INTO `School` VALUES (473, 'Not Provided', 227058);
INSERT INTO `School` VALUES (474, 'Not Provided', 229705);
INSERT INTO `School` VALUES (475, 'Not Provided', 234536);
INSERT INTO `School` VALUES (476, 'Not Provided', 237278);
INSERT INTO `School` VALUES (477, 'Not Provided', 237343);
INSERT INTO `School` VALUES (478, 'Not Provided', 251979);
INSERT INTO `School` VALUES (479, 'Not Provided', 253281);
INSERT INTO `School` VALUES (480, 'Not Provided', 257074);
INSERT INTO `School` VALUES (481, 'Not Provided', 257753);
INSERT INTO `School` VALUES (482, 'Not Provided', 257956);
INSERT INTO `School` VALUES (483, 'Not Provided', 271130);
INSERT INTO `School` VALUES (484, 'Not Provided', 278068);
INSERT INTO `School` VALUES (485, 'Not Provided', 283738);
INSERT INTO `School` VALUES (486, 'Not Provided', 284962);
INSERT INTO `School` VALUES (488, 'Not Provided', 289790);
INSERT INTO `School` VALUES (489, 'Not Provided', 289792);
INSERT INTO `School` VALUES (490, 'Not Provided', 290487);
INSERT INTO `School` VALUES (491, 'Not Provided', 299544);
INSERT INTO `School` VALUES (492, 'Not Provided', 301027);
INSERT INTO `School` VALUES (494, 'Not Provided', 309544);
INSERT INTO `School` VALUES (495, 'Not Provided', 310749);
INSERT INTO `School` VALUES (496, 'Not Provided', 319205);
INSERT INTO `School` VALUES (498, 'Not Provided', 321457);
INSERT INTO `School` VALUES (499, 'Not Provided', 321459);
INSERT INTO `School` VALUES (501, 'Not Provided', 325712);
INSERT INTO `School` VALUES (502, 'Not Provided', 338660);
INSERT INTO `School` VALUES (503, 'Not Provided', 339114);
INSERT INTO `School` VALUES (504, 'Not Provided', 341902);
INSERT INTO `School` VALUES (505, 'Not Provided', 343565);
INSERT INTO `School` VALUES (506, 'Not Provided', 343640);
INSERT INTO `School` VALUES (507, 'Not Provided', 345672);
INSERT INTO `School` VALUES (508, 'Not Provided', 354545);
INSERT INTO `School` VALUES (509, 'Not Provided', 355005);
INSERT INTO `School` VALUES (510, 'Not Provided', 355456);
INSERT INTO `School` VALUES (511, 'Not Provided', 360210);
INSERT INTO `School` VALUES (512, 'Not Provided', 361037);
INSERT INTO `School` VALUES (513, 'Not Provided', 362069);
INSERT INTO `School` VALUES (514, 'Not Provided', 367132);
INSERT INTO `School` VALUES (515, 'Not Provided', 367723);
INSERT INTO `School` VALUES (516, 'Not Provided', 370105);
INSERT INTO `School` VALUES (517, 'Not Provided', 379079);
INSERT INTO `School` VALUES (518, 'Not Provided', 379085);
INSERT INTO `School` VALUES (519, 'Not Provided', 383552);
INSERT INTO `School` VALUES (520, 'Not Provided', 383581);
INSERT INTO `School` VALUES (521, 'Not Provided', 384015);
INSERT INTO `School` VALUES (522, 'Not Provided', 397019);
INSERT INTO `School` VALUES (523, 'Not Provided', 406392);
INSERT INTO `School` VALUES (524, 'Not Provided', 406476);
INSERT INTO `School` VALUES (525, 'Not Provided', 407318);
INSERT INTO `School` VALUES (526, 'Not Provided', 408796);
INSERT INTO `School` VALUES (527, 'Not Provided', 410162);
INSERT INTO `School` VALUES (528, 'Not Provided', 410206);
INSERT INTO `School` VALUES (529, 'Not Provided', 410314);
INSERT INTO `School` VALUES (530, 'Not Provided', 422138);
INSERT INTO `School` VALUES (531, 'Not Provided', 422155);
INSERT INTO `School` VALUES (532, 'Not Provided', 425210);
INSERT INTO `School` VALUES (533, 'Not Provided', 439054);
INSERT INTO `School` VALUES (534, 'Not Provided', 455292);
INSERT INTO `School` VALUES (535, 'Not Provided', 455314);
INSERT INTO `School` VALUES (536, 'Not Provided', 472289);
INSERT INTO `School` VALUES (537, 'Not Provided', 496215);
INSERT INTO `School` VALUES (538, 'Not Provided', 541043);
INSERT INTO `School` VALUES (539, 'KAPSABET BOYS PRIMARY', 564260);
INSERT INTO `School` VALUES (540, 'Not Provided', NULL);
INSERT INTO `School` VALUES (542, 'CHEMOBO PRIMARY', 308673);
INSERT INTO `School` VALUES (543, 'KAPKOLE PRIMARY', 197208);
INSERT INTO `School` VALUES (544, 'EMDIN PRIMARY', 427005);
INSERT INTO `School` VALUES (546, 'LELBOI PRIMARY', 242614);
INSERT INTO `School` VALUES (547, 'TAITO PRIMARY', 237250);
INSERT INTO `School` VALUES (548, 'KIPCHUNU PRIMARY', 332653);
INSERT INTO `School` VALUES (549, 'KAMKONG', 512384);
INSERT INTO `School` VALUES (550, 'KAPCHEBUCHEK', 301970);
INSERT INTO `School` VALUES (551, 'KAPSUMBEIYWO', 440708);
INSERT INTO `School` VALUES (552, 'TERESO', 246266);
INSERT INTO `School` VALUES (553, 'AIC MOSORIOT', 331059);
INSERT INTO `School` VALUES (554, 'AIC TEGAT', 249710);
INSERT INTO `School` VALUES (555, 'ST. ROBERT ARWOS', 236271);
INSERT INTO `School` VALUES (556, 'BILELGA PRIMARY', 422137);
INSERT INTO `School` VALUES (557, 'KAPNYELOI', 309599);
INSERT INTO `School` VALUES (558, 'CHEPTONON', 455451);
INSERT INTO `School` VALUES (559, 'KAPNGANO', 242659);
INSERT INTO `School` VALUES (560, 'KIBORGOK PRIMARY', 270611);
INSERT INTO `School` VALUES (561, 'ST ROBERTS HIGH', 272156);
INSERT INTO `School` VALUES (562, 'KAIBOI', 262559);
INSERT INTO `School` VALUES (563, 'KABAA', 287792);
INSERT INTO `School` VALUES (564, 'AIC BARATON', 202880);
INSERT INTO `School` VALUES (565, 'TULOI', 361047);
INSERT INTO `School` VALUES (566, 'NOT PROVIDED', 165150);
INSERT INTO `School` VALUES (567, 'KIPTURE', 381335);
INSERT INTO `School` VALUES (568, 'KIPSAMO', 406475);
INSERT INTO `School` VALUES (569, 'CHERONDO', 319566);
INSERT INTO `School` VALUES (570, 'AIC CHEPLAPKEI', 380778);
INSERT INTO `School` VALUES (571, 'SAJDSF', 112);

-- ----------------------------
-- Table structure for Status_Code
-- ----------------------------
DROP TABLE IF EXISTS `Status_Code`;
CREATE TABLE `Status_Code`  (
  `ID` int(11) NOT NULL AUTO_INCREMENT,
  `Status_Code` int(11) NULL DEFAULT NULL,
  `Status` varchar(255) CHARACTER SET latin1 COLLATE latin1_swedish_ci NULL DEFAULT NULL,
  PRIMARY KEY (`ID`) USING BTREE,
  INDEX `Status_Code`(`Status_Code`) USING BTREE
) ENGINE = InnoDB AUTO_INCREMENT = 6 CHARACTER SET = latin1 COLLATE = latin1_swedish_ci ROW_FORMAT = Dynamic;

-- ----------------------------
-- Records of Status_Code
-- ----------------------------
INSERT INTO `Status_Code` VALUES (1, 10, 'ACTIVE');
INSERT INTO `Status_Code` VALUES (2, 20, 'WITHDRAWN');
INSERT INTO `Status_Code` VALUES (3, 30, 'TRANSFERED');
INSERT INTO `Status_Code` VALUES (4, 40, 'DECEASED');
INSERT INTO `Status_Code` VALUES (5, 50, 'RETIRED');

-- ----------------------------
-- Table structure for SystemUser
-- ----------------------------
DROP TABLE IF EXISTS `SystemUser`;
CREATE TABLE `SystemUser`  (
  `ID` int(11) NOT NULL AUTO_INCREMENT,
  `FirstName` varchar(255) CHARACTER SET latin1 COLLATE latin1_swedish_ci NULL DEFAULT NULL,
  `LastName` varchar(255) CHARACTER SET latin1 COLLATE latin1_swedish_ci NULL DEFAULT NULL,
  `ID_Number` int(11) NULL DEFAULT NULL,
  `Phone` varchar(255) CHARACTER SET latin1 COLLATE latin1_swedish_ci NULL DEFAULT NULL,
  `Username` varchar(255) CHARACTER SET latin1 COLLATE latin1_swedish_ci NULL DEFAULT NULL,
  `Pass` varchar(255) CHARACTER SET latin1 COLLATE latin1_swedish_ci NULL DEFAULT NULL,
  PRIMARY KEY (`ID`) USING BTREE,
  UNIQUE INDEX `ID_Number`(`ID_Number`) USING BTREE,
  UNIQUE INDEX `Username`(`Username`) USING BTREE
) ENGINE = InnoDB AUTO_INCREMENT = 5 CHARACTER SET = latin1 COLLATE = latin1_swedish_ci ROW_FORMAT = Dynamic;

-- ----------------------------
-- Records of SystemUser
-- ----------------------------
INSERT INTO `SystemUser` VALUES (1, 'Dominic', 'Domie', 24778345, '0725435296', 'ADMIN', '21232f297a57a5a743894a0e4a801fc3');
INSERT INTO `SystemUser` VALUES (2, 'Joel', 'Rotich', 24778346, '0725435296', 'Rotich', '81dc9bdb52d04dc20036dbd8313ed055');
INSERT INTO `SystemUser` VALUES (4, NULL, NULL, NULL, NULL, 'Dennis', '81dc9bdb52d04dc20036dbd8313ed055');

-- ----------------------------
-- Table structure for Unmark
-- ----------------------------
DROP TABLE IF EXISTS `Unmark`;
CREATE TABLE `Unmark`  (
  `ID` int(11) NOT NULL AUTO_INCREMENT,
  `Member_No` int(11) NULL DEFAULT NULL,
  PRIMARY KEY (`ID`) USING BTREE,
  INDEX `Member_No`(`Member_No`) USING BTREE,
  CONSTRAINT `Unmark_ibfk_1` FOREIGN KEY (`Member_No`) REFERENCES `Register` (`TSC_No`) ON DELETE RESTRICT ON UPDATE CASCADE
) ENGINE = InnoDB AUTO_INCREMENT = 14 CHARACTER SET = latin1 COLLATE = latin1_swedish_ci ROW_FORMAT = Dynamic;

-- ----------------------------
-- Records of Unmark
-- ----------------------------
INSERT INTO `Unmark` VALUES (5, 112);
INSERT INTO `Unmark` VALUES (6, 112);
INSERT INTO `Unmark` VALUES (7, 112);
INSERT INTO `Unmark` VALUES (8, 112);
INSERT INTO `Unmark` VALUES (9, 112);
INSERT INTO `Unmark` VALUES (10, 112);
INSERT INTO `Unmark` VALUES (11, 112);
INSERT INTO `Unmark` VALUES (12, 112);
INSERT INTO `Unmark` VALUES (2, 302000);
INSERT INTO `Unmark` VALUES (3, 302000);
INSERT INTO `Unmark` VALUES (4, 302000);
INSERT INTO `Unmark` VALUES (13, 302000);

-- ----------------------------
-- Table structure for resource
-- ----------------------------
DROP TABLE IF EXISTS `resource`;
CREATE TABLE `resource`  (
  `id` int(11) NOT NULL AUTO_INCREMENT,
  `resource_name` varchar(50) CHARACTER SET latin1 COLLATE latin1_swedish_ci NOT NULL,
  PRIMARY KEY (`id`) USING BTREE
) ENGINE = InnoDB AUTO_INCREMENT = 5 CHARACTER SET = latin1 COLLATE = latin1_swedish_ci ROW_FORMAT = Dynamic;

-- ----------------------------
-- Records of resource
-- ----------------------------
INSERT INTO `resource` VALUES (1, 'SYSTEM-SETTINGS');
INSERT INTO `resource` VALUES (2, 'MARK-ATTENDANCE');
INSERT INTO `resource` VALUES (3, 'MANAGE-DELEGATES');
INSERT INTO `resource` VALUES (4, 'VIEW-REPORTS');

-- ----------------------------
-- Table structure for resource_role
-- ----------------------------
DROP TABLE IF EXISTS `resource_role`;
CREATE TABLE `resource_role`  (
  `id` int(11) NOT NULL AUTO_INCREMENT,
  `resource_id` int(11) NULL DEFAULT NULL,
  `role_id` int(11) NULL DEFAULT NULL,
  `can_add` char(1) CHARACTER SET latin1 COLLATE latin1_swedish_ci NULL DEFAULT NULL,
  `can_edit` char(1) CHARACTER SET latin1 COLLATE latin1_swedish_ci NULL DEFAULT NULL,
  `can_view` char(1) CHARACTER SET latin1 COLLATE latin1_swedish_ci NULL DEFAULT NULL,
  `can_delete` char(1) CHARACTER SET latin1 COLLATE latin1_swedish_ci NULL DEFAULT NULL,
  PRIMARY KEY (`id`) USING BTREE,
  INDEX `resource_id`(`resource_id`) USING BTREE,
  INDEX `role_id`(`role_id`) USING BTREE,
  CONSTRAINT `resource_role_ibfk_1` FOREIGN KEY (`resource_id`) REFERENCES `resource` (`id`) ON DELETE RESTRICT ON UPDATE RESTRICT,
  CONSTRAINT `resource_role_ibfk_2` FOREIGN KEY (`role_id`) REFERENCES `role` (`id`) ON DELETE RESTRICT ON UPDATE RESTRICT
) ENGINE = InnoDB AUTO_INCREMENT = 7 CHARACTER SET = latin1 COLLATE = latin1_swedish_ci ROW_FORMAT = Dynamic;

-- ----------------------------
-- Records of resource_role
-- ----------------------------
INSERT INTO `resource_role` VALUES (1, 1, 1, 'Y', 'Y', 'Y', 'Y');
INSERT INTO `resource_role` VALUES (2, 2, 1, 'Y', 'Y', 'Y', 'Y');
INSERT INTO `resource_role` VALUES (3, 3, 1, 'Y', 'Y', 'Y', 'Y');
INSERT INTO `resource_role` VALUES (4, 2, 2, 'Y', 'Y', 'Y', 'Y');
INSERT INTO `resource_role` VALUES (5, 3, 2, 'Y', 'Y', 'Y', 'Y');
INSERT INTO `resource_role` VALUES (6, 3, 3, 'Y', 'Y', 'Y', 'Y');

-- ----------------------------
-- Table structure for role
-- ----------------------------
DROP TABLE IF EXISTS `role`;
CREATE TABLE `role`  (
  `id` int(11) NOT NULL AUTO_INCREMENT,
  `role_name` varchar(50) CHARACTER SET latin1 COLLATE latin1_swedish_ci NOT NULL,
  PRIMARY KEY (`id`) USING BTREE
) ENGINE = InnoDB AUTO_INCREMENT = 4 CHARACTER SET = latin1 COLLATE = latin1_swedish_ci ROW_FORMAT = Dynamic;

-- ----------------------------
-- Records of role
-- ----------------------------
INSERT INTO `role` VALUES (1, 'Administrator');
INSERT INTO `role` VALUES (2, 'Teller');
INSERT INTO `role` VALUES (3, 'Clerk');

-- ----------------------------
-- Table structure for users
-- ----------------------------
DROP TABLE IF EXISTS `users`;
CREATE TABLE `users`  (
  `id` int(11) NOT NULL AUTO_INCREMENT,
  `user_name` varchar(45) CHARACTER SET latin1 COLLATE latin1_swedish_ci NOT NULL,
  `password` varchar(255) CHARACTER SET latin1 COLLATE latin1_swedish_ci NOT NULL,
  PRIMARY KEY (`id`) USING BTREE
) ENGINE = InnoDB AUTO_INCREMENT = 4 CHARACTER SET = latin1 COLLATE = latin1_swedish_ci ROW_FORMAT = Dynamic;

-- ----------------------------
-- Records of users
-- ----------------------------
INSERT INTO `users` VALUES (1, 'Admin', '21232f297a57a5a743894a0e4a801fc3');
INSERT INTO `users` VALUES (2, 'Rotich', '81dc9bdb52d04dc20036dbd8313ed055');
INSERT INTO `users` VALUES (3, 'Dennis', '81dc9bdb52d04dc20036dbd8313ed055');

-- ----------------------------
-- Table structure for users_role
-- ----------------------------
DROP TABLE IF EXISTS `users_role`;
CREATE TABLE `users_role`  (
  `id` int(11) NOT NULL AUTO_INCREMENT,
  `user_id` int(11) NULL DEFAULT NULL,
  `role_id` int(11) NULL DEFAULT NULL,
  PRIMARY KEY (`id`) USING BTREE,
  INDEX `user_id`(`user_id`) USING BTREE,
  INDEX `role_id`(`role_id`) USING BTREE,
  CONSTRAINT `users_role_ibfk_1` FOREIGN KEY (`user_id`) REFERENCES `users` (`id`) ON DELETE RESTRICT ON UPDATE RESTRICT,
  CONSTRAINT `users_role_ibfk_2` FOREIGN KEY (`role_id`) REFERENCES `role` (`id`) ON DELETE RESTRICT ON UPDATE RESTRICT
) ENGINE = InnoDB AUTO_INCREMENT = 4 CHARACTER SET = latin1 COLLATE = latin1_swedish_ci ROW_FORMAT = Dynamic;

-- ----------------------------
-- Records of users_role
-- ----------------------------
INSERT INTO `users_role` VALUES (1, 1, 1);
INSERT INTO `users_role` VALUES (2, 2, 2);
INSERT INTO `users_role` VALUES (3, 3, 3);

SET FOREIGN_KEY_CHECKS = 1;
