/*
 Navicat Premium Data Transfer

 Source Server         : LAPTOP
 Source Server Type    : MySQL
 Source Server Version : 50729
 Source Host           : 192.168.1.102:15700
 Source Schema         : adm

 Target Server Type    : MySQL
 Target Server Version : 50729
 File Encoding         : 65001

 Date: 13/02/2020 14:57:48
*/

SET NAMES utf8mb4;
SET FOREIGN_KEY_CHECKS = 0;

-- ----------------------------
-- Table structure for Attendance
-- ----------------------------
DROP TABLE IF EXISTS `Attendance`;
CREATE TABLE `Attendance`  (
  `ID` int(11) NOT NULL AUTO_INCREMENT,
  `Date` datetime(0) NULL DEFAULT NULL,
  `Member_No` int(11) NULL DEFAULT NULL,
  `Amount` varchar(255) CHARACTER SET latin1 COLLATE latin1_swedish_ci NULL DEFAULT NULL,
  PRIMARY KEY (`ID`) USING BTREE,
  UNIQUE INDEX `Member_No`(`Member_No`) USING BTREE,
  CONSTRAINT `Attendance_ibfk_1` FOREIGN KEY (`Member_No`) REFERENCES `Register` (`TSC_No`) ON DELETE RESTRICT ON UPDATE RESTRICT
) ENGINE = InnoDB AUTO_INCREMENT = 1 CHARACTER SET = latin1 COLLATE = latin1_swedish_ci ROW_FORMAT = Dynamic;

-- ----------------------------
-- Table structure for Company
-- ----------------------------
DROP TABLE IF EXISTS `Company`;
CREATE TABLE `Company`  (
  `ID` int(11) NOT NULL AUTO_INCREMENT,
  `CompanyName` varchar(255) CHARACTER SET latin1 COLLATE latin1_swedish_ci NULL DEFAULT NULL,
  `Address` varchar(255) CHARACTER SET latin1 COLLATE latin1_swedish_ci NULL DEFAULT NULL,
  `Phone` varchar(255) CHARACTER SET latin1 COLLATE latin1_swedish_ci NULL DEFAULT NULL,
  PRIMARY KEY (`ID`) USING BTREE
) ENGINE = InnoDB AUTO_INCREMENT = 2 CHARACTER SET = latin1 COLLATE = latin1_swedish_ci ROW_FORMAT = Dynamic;

-- ----------------------------
-- Records of Company
-- ----------------------------
INSERT INTO `Company` VALUES (1, 'TRANS ELITE COUNTY SACCO LTD', 'P.O.BOX 547 KAPSABET', '254 535252103');

-- ----------------------------
-- Table structure for Division
-- ----------------------------
DROP TABLE IF EXISTS `Division`;
CREATE TABLE `Division`  (
  `ID` int(11) NOT NULL AUTO_INCREMENT,
  `DivisionName` varchar(255) CHARACTER SET latin1 COLLATE latin1_swedish_ci NULL DEFAULT NULL,
  PRIMARY KEY (`ID`) USING BTREE
) ENGINE = InnoDB AUTO_INCREMENT = 13 CHARACTER SET = latin1 COLLATE = latin1_swedish_ci ROW_FORMAT = Dynamic;

-- ----------------------------
-- Records of Division
-- ----------------------------
INSERT INTO `Division` VALUES (1, 'EMGWEN');
INSERT INTO `Division` VALUES (2, 'NANDI HILLS');
INSERT INTO `Division` VALUES (3, 'TINDERET');
INSERT INTO `Division` VALUES (4, 'KOSIRAI');
INSERT INTO `Division` VALUES (5, 'KOBUJOI');
INSERT INTO `Division` VALUES (6, 'KIPKAREN');
INSERT INTO `Division` VALUES (7, 'KILIBWONI');
INSERT INTO `Division` VALUES (8, 'KAPTUMO');
INSERT INTO `Division` VALUES (9, 'KABIYET');
INSERT INTO `Division` VALUES (11, 'Not Provided');
INSERT INTO `Division` VALUES (12, 'KEMELOI');

-- ----------------------------
-- Table structure for Expense
-- ----------------------------
DROP TABLE IF EXISTS `Expense`;
CREATE TABLE `Expense`  (
  `ID` int(11) NOT NULL AUTO_INCREMENT,
  `Date` date NULL DEFAULT NULL,
  `Narration` varchar(255) CHARACTER SET latin1 COLLATE latin1_swedish_ci NULL DEFAULT NULL,
  `Amount` decimal(8, 2) NULL DEFAULT NULL,
  PRIMARY KEY (`ID`) USING BTREE
) ENGINE = InnoDB AUTO_INCREMENT = 10 CHARACTER SET = latin1 COLLATE = latin1_swedish_ci ROW_FORMAT = Dynamic;

-- ----------------------------
-- Records of Expense
-- ----------------------------
INSERT INTO `Expense` VALUES (1, '2020-01-24', 'CAR HIRE TO TRANSPORT MATERIALS TO SITE.(JOEL KIBET) PV-12345', 5000.00);
INSERT INTO `Expense` VALUES (4, '2020-01-25', 'VENUE HIRING[GEORGE]', 10000.00);
INSERT INTO `Expense` VALUES (5, '2020-01-09', 'PURCHASE OF TENTS FROM VINNY TOO', 5670.00);
INSERT INTO `Expense` VALUES (6, '2020-01-25', 'KNUT OFFICIALS - MR SEREM', 10000.00);
INSERT INTO `Expense` VALUES (7, '2019-07-26', 'LAST YEAR EXPENSE TEST DATA', 100000.00);
INSERT INTO `Expense` VALUES (8, '2020-01-20', 'PUBLIC ADDRESS SYSTEM', 2500.00);
INSERT INTO `Expense` VALUES (9, '2020-01-26', 'TESTING DATE FORMAT', 56666.00);

-- ----------------------------
-- Table structure for Rate
-- ----------------------------
DROP TABLE IF EXISTS `Rate`;
CREATE TABLE `Rate`  (
  `ID` int(11) NOT NULL AUTO_INCREMENT,
  `Amount` double(255, 0) NULL DEFAULT NULL,
  `Year` int(4) NULL DEFAULT NULL,
  PRIMARY KEY (`ID`) USING BTREE,
  UNIQUE INDEX `Year`(`Year`) USING BTREE
) ENGINE = InnoDB AUTO_INCREMENT = 3 CHARACTER SET = latin1 COLLATE = latin1_swedish_ci ROW_FORMAT = Dynamic;

-- ----------------------------
-- Records of Rate
-- ----------------------------
INSERT INTO `Rate` VALUES (1, 1000, 2020);
INSERT INTO `Rate` VALUES (2, 450, 2019);

-- ----------------------------
-- Table structure for Register
-- ----------------------------
DROP TABLE IF EXISTS `Register`;
CREATE TABLE `Register`  (
  `ID` int(11) NOT NULL AUTO_INCREMENT,
  `TSC_No` int(11) NULL DEFAULT NULL,
  `ID_Number` int(11) NOT NULL,
  `Name` varchar(255) CHARACTER SET latin1 COLLATE latin1_swedish_ci NULL DEFAULT NULL,
  `Phone` varchar(255) CHARACTER SET latin1 COLLATE latin1_swedish_ci NULL DEFAULT '0',
  `Division_ID` int(11) NULL DEFAULT NULL,
  `Status` int(11) NULL DEFAULT NULL,
  PRIMARY KEY (`ID`) USING BTREE,
  UNIQUE INDEX `TSC_No`(`TSC_No`) USING BTREE,
  INDEX `Status`(`Status`) USING BTREE,
  INDEX `Register_ibfk_3`(`Division_ID`) USING BTREE,
  CONSTRAINT `Register_ibfk_3` FOREIGN KEY (`Division_ID`) REFERENCES `Division` (`ID`) ON DELETE CASCADE ON UPDATE CASCADE,
  CONSTRAINT `Register_ibfk_5` FOREIGN KEY (`Status`) REFERENCES `Status_Code` (`Status_Code`) ON DELETE CASCADE ON UPDATE CASCADE
) ENGINE = InnoDB AUTO_INCREMENT = 571 CHARACTER SET = latin1 COLLATE = latin1_swedish_ci ROW_FORMAT = Dynamic;

-- ----------------------------
-- Records of Register
-- ----------------------------
INSERT INTO `Register` VALUES (2, 126090, 6002977, 'JOHN KIPKEMOI', '254720646978', 3, 10);
INSERT INTO `Register` VALUES (3, 129673, 1798537, 'MARK SEREM', '254713061877', 4, 10);
INSERT INTO `Register` VALUES (4, 132993, 770679, 'LAZARUS TANUI', '254726492651', 4, 10);
INSERT INTO `Register` VALUES (5, 138561, 5220464, 'LINUS KIPLAGAT RONOH', '254721762747', 3, 10);
INSERT INTO `Register` VALUES (6, 138583, 5606985, 'WILLIAM KOECH', '254715790205', 1, 10);
INSERT INTO `Register` VALUES (7, 139688, 1322698, 'DAVID KOSGEI', '254722942431', 2, 10);
INSERT INTO `Register` VALUES (8, 145984, 1250670, 'DINAH JEPTUM BITOK', '254723044602', 1, 10);
INSERT INTO `Register` VALUES (9, 149808, 3445081, 'KENNEDY KIPRONO KALYA', '07231234597', 1, 10);
INSERT INTO `Register` VALUES (10, 150015, 1250092, 'JULIUS BUNEI', '254723642550', 1, 10);
INSERT INTO `Register` VALUES (11, 150212, 1245094, 'JACKSON R KIPLIMO', '254723576284', 1, 10);
INSERT INTO `Register` VALUES (12, 150978, 770038, 'SAMMY KIPKOECH RONO', '254726626362', 5, 10);
INSERT INTO `Register` VALUES (13, 151157, 12324567, 'NICHOLAS BWAMBOK', '0725435296', 1, 10);
INSERT INTO `Register` VALUES (14, 151163, 286843, 'Choge Philiph', '254725051159', 1, 10);
INSERT INTO `Register` VALUES (15, 151171, 3264558, 'Elijah Kipkorir Rono', '254724603649', 2, 10);
INSERT INTO `Register` VALUES (16, 153484, 457541, 'JOHN KOECH', '254723877267', 5, 10);
INSERT INTO `Register` VALUES (17, 154505, 1800102, 'KIMUTAI TURGUT', '254711645858', 3, 10);
INSERT INTO `Register` VALUES (18, 155558, 1447504, 'SELINA J MURREY', '254726834991', 4, 10);
INSERT INTO `Register` VALUES (19, 155630, 456447, 'Henry Kibiego Tarus', '254721730148', 4, 10);
INSERT INTO `Register` VALUES (20, 155662, 3445574, 'MONICA J BORE', '254723148880', 7, 10);
INSERT INTO `Register` VALUES (21, 157986, 234640, 'KIBIRECH JACKSON', '254723395986', 4, 10);
INSERT INTO `Register` VALUES (22, 160265, 448282, 'NIXON KOECH', '254700275001', 7, 10);
INSERT INTO `Register` VALUES (23, 160323, 448217, 'ANGELINE KIPRONO', '254720862392', 2, 10);
INSERT INTO `Register` VALUES (24, 160376, 448883, 'Jael J   BARNO', '254720106166', 6, 10);
INSERT INTO `Register` VALUES (25, 161254, 4004867, 'BEN ROP ', '254726763248', 1, 10);
INSERT INTO `Register` VALUES (26, 161268, 3445009, 'MAURICE KEMBOI', '254735329021', 7, 10);
INSERT INTO `Register` VALUES (27, 165274, 3271534, 'ROTICH KIMISIK', '254721936108', 7, 10);
INSERT INTO `Register` VALUES (28, 165479, 4150102, 'PETER TUM', '254724588141', 2, 10);
INSERT INTO `Register` VALUES (29, 166271, 1220616, 'KIPCHOGE KARONEI', '254724469219', 1, 10);
INSERT INTO `Register` VALUES (30, 170880, 3290254, 'KEMBOI ISAAC', '254721468822', 7, 10);
INSERT INTO `Register` VALUES (31, 170914, 3291033, 'TECLA JEBOTIB', '254728144433', 7, 10);
INSERT INTO `Register` VALUES (32, 173335, 1244729, 'KEINO KIPRUGUT', '254723419072', 1, 10);
INSERT INTO `Register` VALUES (33, 173338, 1811331, 'JONATHAN MAGUT', '254726131454', 1, 10);
INSERT INTO `Register` VALUES (34, 173390, 3257920, 'KIPKOECH MATHEW', '254729090930', 6, 10);
INSERT INTO `Register` VALUES (35, 175821, 1801527, 'Kipkoech Rotich', '254729020707', 3, 10);
INSERT INTO `Register` VALUES (36, 176093, 3289859, 'HENRY BICHIY', '254722392226', 6, 10);
INSERT INTO `Register` VALUES (37, 176095, 1221079, 'Josphat Lelaimooi Sang', '254720694533', 2, 10);
INSERT INTO `Register` VALUES (38, 176415, 1221017, 'RONALD TUM', '254721751641', 8, 10);
INSERT INTO `Register` VALUES (39, 176447, 1245754, 'SOLOMON TIROP', '254719184527', 1, 10);
INSERT INTO `Register` VALUES (40, 177206, 1249872, 'MUIGEI MARY JEPKEMEI', '254721832113', 4, 10);
INSERT INTO `Register` VALUES (41, 179202, 3289945, 'ALFRED NGETUNY', '254724759941', 7, 10);
INSERT INTO `Register` VALUES (42, 180205, 335319, 'PHILLIP K   TARUS', '254729341273', 5, 10);
INSERT INTO `Register` VALUES (43, 180219, 6222940, 'ELIZABETH BOR', '254723432172', 6, 10);
INSERT INTO `Register` VALUES (44, 180226, 1221891, 'PAUL KIPSANG KOROS', '254727501753', 7, 10);
INSERT INTO `Register` VALUES (45, 180466, 3264382, 'JOEL KIRUI', '254720129360', 8, 10);
INSERT INTO `Register` VALUES (46, 181233, 1251409, 'THOMAS KIPLETING', '254724602681', 1, 10);
INSERT INTO `Register` VALUES (47, 182541, 1441791, 'RUTTO NEHEMIAH', '254723829525', 5, 10);
INSERT INTO `Register` VALUES (48, 183370, 3284035, 'SYLVESTER B KIRWA', '254724788655', 5, 10);
INSERT INTO `Register` VALUES (49, 183652, 1780717, 'EMMY KAVERE CHEMAI', '254726923541', 7, 10);
INSERT INTO `Register` VALUES (50, 188679, 5594885, 'PAUL KIRWA CHEPKWONY', '254712177981', 2, 10);
INSERT INTO `Register` VALUES (51, 189358, 5606151, 'JOHN KIPKETER LEL', '254729217672', 4, 10);
INSERT INTO `Register` VALUES (52, 197059, 334620, 'JANE KAMAR', '254713520189', 1, 10);
INSERT INTO `Register` VALUES (53, 197126, 448419, 'REUBEN NGETICH', '254725714720', 4, 10);
INSERT INTO `Register` VALUES (54, 197135, 5606154, 'MESHACK SEREM', '254725439914', 4, 10);
INSERT INTO `Register` VALUES (55, 197154, 3265644, 'PAUL KEMBOI', '254727120441', 8, 10);
INSERT INTO `Register` VALUES (56, 197168, 5596253, 'SUSAN CHEPCHUMBA', '0', 1, 10);
INSERT INTO `Register` VALUES (57, 201797, 3275626, 'SAMMY IRATSIA', '254720859970', 1, 10);
INSERT INTO `Register` VALUES (58, 202089, 5612130, 'WILLIAM TARUS', '254722147909', 6, 10);
INSERT INTO `Register` VALUES (59, 202339, 1220716, 'ROSEBELLA KIRONGO', '254720755086', 2, 10);
INSERT INTO `Register` VALUES (60, 202340, 3251730, 'TERTIUS BIRECH', '254723995364', 9, 10);
INSERT INTO `Register` VALUES (61, 202398, 3289488, 'KOGO KIPLANGAT', '254727923554', 7, 10);
INSERT INTO `Register` VALUES (62, 202735, 4001331, 'KOSGEI EMMANUEL', '254720749399', 6, 10);
INSERT INTO `Register` VALUES (63, 210426, 3998016, 'MILKA SAWE', '254729875669', 4, 10);
INSERT INTO `Register` VALUES (64, 210599, 3449011, 'PETER KURGAT', '254720360977', 9, 10);
INSERT INTO `Register` VALUES (65, 211050, 737225, 'BWOBURU MOHAMED', '254720579611', 3, 10);
INSERT INTO `Register` VALUES (66, 211277, 3870141, 'SIMION NGENY', '254728159252', 5, 10);
INSERT INTO `Register` VALUES (67, 211486, 3289947, 'JULIUS SAINA', '254725736665', 7, 10);
INSERT INTO `Register` VALUES (68, 211488, 457418, 'KIPCHOGE SAINA', '254724364412', 1, 10);
INSERT INTO `Register` VALUES (69, 211492, 1221812, 'PAUL TUWEI', '254705709696', 6, 10);
INSERT INTO `Register` VALUES (70, 211916, 1221129, 'MUSA KARAN', '254727031846', 5, 10);
INSERT INTO `Register` VALUES (71, 211937, 3290181, 'ERNEST MURSOI', '254724364544', 7, 10);
INSERT INTO `Register` VALUES (72, 212422, 0, 'MARK KORIR', '0', 5, 10);
INSERT INTO `Register` VALUES (73, 212507, 4007452, 'DANIEL KEINO', '254702969668', 8, 10);
INSERT INTO `Register` VALUES (74, 212616, 1221124, 'FREDRICH CHEPSIROR', '254723797579', 1, 10);
INSERT INTO `Register` VALUES (75, 212658, 447103, 'JOSEPH BOGONG', '254702206489', 1, 10);
INSERT INTO `Register` VALUES (76, 217172, 3998061, 'NAOMI CHERUIYOT', '0', 4, 10);
INSERT INTO `Register` VALUES (77, 217214, 3285762, 'PHILIP KIPCHUMBA', '254724517555', 5, 10);
INSERT INTO `Register` VALUES (78, 217217, 3277325, 'JOASH KESBAI', '254704496478', 5, 10);
INSERT INTO `Register` VALUES (79, 217224, 3999334, 'KIPKEMBOI TOO', '254716427681', 1, 10);
INSERT INTO `Register` VALUES (80, 217264, 3277085, 'JOHN KOECH', '254728688131', 8, 10);
INSERT INTO `Register` VALUES (81, 217265, 3269289, 'JAMES SAWE', '254714405269', 5, 10);
INSERT INTO `Register` VALUES (82, 217276, 5589479, 'CHRISTOPHER BIWOTT', '254720491822', 9, 10);
INSERT INTO `Register` VALUES (83, 217300, 3290397, 'FREDRICK KOSGEI', '254720223415', 7, 10);
INSERT INTO `Register` VALUES (84, 217313, 6874293, 'JULIUS BIRIR', '254723451996', 7, 10);
INSERT INTO `Register` VALUES (85, 217343, 7164083, 'DAVID KIMETO', '0', 3, 10);
INSERT INTO `Register` VALUES (86, 217370, 3276828, 'Chirchir KIPTOO', '254722598013', 5, 10);
INSERT INTO `Register` VALUES (87, 217398, 5999855, 'ELISHA SAWE', '254721447625', 6, 10);
INSERT INTO `Register` VALUES (88, 217404, 3254094, 'PAULINE SANG', '254722696303', 9, 10);
INSERT INTO `Register` VALUES (89, 218558, 3249346, 'KIPTOO TUWEI', '254720264854', 6, 10);
INSERT INTO `Register` VALUES (90, 223780, 0, 'JOHN ROTICH', 'Not Provided', 11, 10);
INSERT INTO `Register` VALUES (91, 225008, 5604070, 'TANUI RICHARD', '254728462415', 9, 10);
INSERT INTO `Register` VALUES (92, 225180, 3246773, 'SHADRACK TEIGONG', '254722425576', 9, 10);
INSERT INTO `Register` VALUES (93, 225183, 772485, 'PAUL SANG', '254726800993', 2, 10);
INSERT INTO `Register` VALUES (94, 227047, 6431583, 'ALEX C SINGEN', '0', 2, 10);
INSERT INTO `Register` VALUES (95, 227071, 0, 'TITUS MEMBER', 'Not Provided', 11, 10);
INSERT INTO `Register` VALUES (96, 229663, 3290631, 'JOHN ROTICH', '254720297614', 7, 10);
INSERT INTO `Register` VALUES (97, 230320, 6435088, 'Yator David', '254724348481', 3, 10);
INSERT INTO `Register` VALUES (98, 404686, 14692919, 'KIMAIYO SINGOEI', '254728991925', 2, 10);
INSERT INTO `Register` VALUES (99, 230630, 6297813, 'STANLEY MAITSI', '254713378901', 5, 10);
INSERT INTO `Register` VALUES (100, 230967, 7374088, 'JOSHUA BUTIA', '254724204746', 1, 10);
INSERT INTO `Register` VALUES (101, 232464, 0, 'PIUS KOSGEI', 'Not Provided', 11, 10);
INSERT INTO `Register` VALUES (102, 233520, 3254973, 'ESPHON SAMOEI', '254722284432', 9, 10);
INSERT INTO `Register` VALUES (103, 233701, 0, 'HILLARY KITUR', 'Not Provided', 11, 10);
INSERT INTO `Register` VALUES (104, 233754, 5597240, 'TITUS KIMOSBEI', '0', 9, 10);
INSERT INTO `Register` VALUES (105, 233765, 4002080, 'SILVESTER BITOK', '254710326049', 7, 10);
INSERT INTO `Register` VALUES (106, 234347, 3276942, 'DAVID BITOK', '254720873518', 5, 10);
INSERT INTO `Register` VALUES (107, 234348, 5574920, 'JONAH KEMEI', '254724839860', 6, 10);
INSERT INTO `Register` VALUES (108, 234620, 1175782, 'CHARLES CHIRCHIR', '254710819815', 5, 10);
INSERT INTO `Register` VALUES (109, 234818, 932904, 'BETTY KOECH', '254721780827', 5, 10);
INSERT INTO `Register` VALUES (110, 234927, 3445723, 'EUNICE KIGEN', '254724150918', 1, 10);
INSERT INTO `Register` VALUES (111, 234935, 1220723, 'THOMAS YEGO', '254713258720', 1, 10);
INSERT INTO `Register` VALUES (112, 236175, 277376, 'JOHN CHELUGET SONGOL', '254725499007', 2, 10);
INSERT INTO `Register` VALUES (113, 237270, 6222832, 'JAMEN LAGAT', '254725998813', 2, 10);
INSERT INTO `Register` VALUES (114, 237283, 3286986, 'MATHEW NGENY', '254725527543', 1, 10);
INSERT INTO `Register` VALUES (115, 237286, 3287383, 'PHILIP LIMO', '254725580239', 5, 10);
INSERT INTO `Register` VALUES (116, 238234, 16073996, 'ROBERT ROTICH', '254723828795', 5, 10);
INSERT INTO `Register` VALUES (117, 240851, 4004101, 'JACOB KIRWA', '254722150368', 8, 10);
INSERT INTO `Register` VALUES (118, 241568, 5617689, 'TERESA KORIR', '254702857070', 1, 10);
INSERT INTO `Register` VALUES (119, 241614, 0, 'PHILIP LELEI', 'Not Provided', 11, 10);
INSERT INTO `Register` VALUES (120, 242627, 8590510, 'SANG KISIRGONG', '254723653460', 3, 10);
INSERT INTO `Register` VALUES (121, 242643, 8079215, 'ELIMINA OMBUDU', '254720315844', 3, 10);
INSERT INTO `Register` VALUES (122, 242645, 8715807, 'PAUL K KETER', '254722433563', 6, 10);
INSERT INTO `Register` VALUES (123, 243997, 5571759, 'DAVID INYANJE', '254725361781', 5, 10);
INSERT INTO `Register` VALUES (124, 244492, 8715948, 'AUGUSTINE KOSGEI', '254715245519', 2, 10);
INSERT INTO `Register` VALUES (125, 244506, 7169241, 'CHRISTOPHER ROP', '254724143030', 2, 10);
INSERT INTO `Register` VALUES (126, 245638, 3246807, 'PHILIP MOROGO', '254726417997', 9, 10);
INSERT INTO `Register` VALUES (127, 246149, 5583456, 'SAMUEL MELI', '254720963723', 4, 10);
INSERT INTO `Register` VALUES (128, 246157, 5586680, 'GEORGE KAVAZIKA', '254724819178', 5, 10);
INSERT INTO `Register` VALUES (129, 246158, 8591960, 'ELIZABA JEMUTAI', '254723664562', 4, 10);
INSERT INTO `Register` VALUES (130, 246179, 0, 'SAMUEL TARUS', 'Not Provided', 11, 10);
INSERT INTO `Register` VALUES (131, 246187, 7103591, 'BEN MACHII', '254721418764', 3, 10);
INSERT INTO `Register` VALUES (132, 246190, 8968523, 'KENETH KIRUI', '254721852413', 3, 10);
INSERT INTO `Register` VALUES (133, 246270, 5571707, 'Naftali Sang', '254712532903', 5, 10);
INSERT INTO `Register` VALUES (134, 246272, 8590512, 'JOEL KEMEI', '254722286533', 3, 10);
INSERT INTO `Register` VALUES (135, 246902, 4025382, 'BARNABA LAGAT', '254721883819', 4, 10);
INSERT INTO `Register` VALUES (136, 247413, 8591797, 'DANIEL TARUS', '254726733799', 9, 10);
INSERT INTO `Register` VALUES (137, 248722, 8590585, 'DAVID KIPLAGAT', '254722407618', 5, 10);
INSERT INTO `Register` VALUES (138, 248916, 0, 'LENA TIONY', 'Not Provided', 11, 10);
INSERT INTO `Register` VALUES (139, 248979, 3816730, 'EUNICE YEGO', '254720574001', 9, 10);
INSERT INTO `Register` VALUES (140, 249212, 3269329, 'CHRISTOPHER KIRUI', '254727689198', 8, 10);
INSERT INTO `Register` VALUES (141, 249637, 5597563, 'BARNABAS RONO', '254721948674', 4, 10);
INSERT INTO `Register` VALUES (142, 249711, 5613689, 'DAVID KETER', '254710269586', 9, 10);
INSERT INTO `Register` VALUES (143, 249729, 5587444, 'MARK KERING', '254722450614', 4, 10);
INSERT INTO `Register` VALUES (144, 250998, 6665682, 'CLARAH KITUR', '254720250394', 9, 10);
INSERT INTO `Register` VALUES (145, 251628, 5592873, 'SAMUEL AGUI', '254724857284', 7, 10);
INSERT INTO `Register` VALUES (146, 251899, 3936318, 'MILCAH KIMETO', '254720422159', 9, 10);
INSERT INTO `Register` VALUES (147, 252056, 4735427, 'MARY TOO', '254723037339', 1, 10);
INSERT INTO `Register` VALUES (148, 252345, 3269718, 'JOSEPH METTO', '254725125938', 8, 10);
INSERT INTO `Register` VALUES (149, 252790, 8590594, 'JAMES MWEI', '254723479528', 5, 10);
INSERT INTO `Register` VALUES (150, 252792, 3290640, 'EVERLINE JEPTOO', '254702617492', 9, 10);
INSERT INTO `Register` VALUES (151, 254219, 7111436, 'JULIUS ROP', '254722286659', 6, 10);
INSERT INTO `Register` VALUES (152, 256999, 6298765, 'SAMEUL OMAMO', '254726744778', 1, 10);
INSERT INTO `Register` VALUES (153, 257014, 9158211, 'SIMEON LAGAT', '254720406339', 3, 10);
INSERT INTO `Register` VALUES (154, 257080, 6665933, 'SILAS KETER', '254790661142', 2, 10);
INSERT INTO `Register` VALUES (155, 257088, 3936934, 'KIBET SAMOEI', '254720832479', 3, 10);
INSERT INTO `Register` VALUES (156, 257120, 8590500, 'KIMNGETICH TANUI', '254721226005', 6, 10);
INSERT INTO `Register` VALUES (157, 257127, 8590495, 'Emily Chelanga Siror', '254711545742', 1, 10);
INSERT INTO `Register` VALUES (158, 257777, 9158226, 'JULIUS KERICH', '254724875610', 2, 10);
INSERT INTO `Register` VALUES (159, 261359, 3999208, 'KITUR THOMAS', '254726761591', 8, 10);
INSERT INTO `Register` VALUES (160, 261369, 5276665, 'TIMOTHY BONYEI', '254707580223', 9, 10);
INSERT INTO `Register` VALUES (161, 261858, 9158262, 'JAMES KETER', '254717795615', 3, 10);
INSERT INTO `Register` VALUES (162, 261859, 7111837, 'DAVID SIROR', '254723893873', 7, 10);
INSERT INTO `Register` VALUES (163, 261861, 6665263, 'JOSEPH SAMOEI', '254727824653', 7, 10);
INSERT INTO `Register` VALUES (164, 266403, 8591528, 'KENNEDY OCHEGO', '254712075428', 1, 10);
INSERT INTO `Register` VALUES (165, 266931, 8969906, 'TRUPHOSA KOECH', '254729826624', 4, 10);
INSERT INTO `Register` VALUES (166, 267659, 5593209, 'NICHOLAS KERICH', '254720286141', 9, 10);
INSERT INTO `Register` VALUES (167, 270489, 6665823, 'ROSE CHEPCHIRCHIR', '254728503744', 9, 10);
INSERT INTO `Register` VALUES (168, 270608, 0, 'HELLEN JERUBET', 'Not Provided', 11, 10);
INSERT INTO `Register` VALUES (169, 275063, 9600219, 'JEREMIA LANGAT', '254704482657', 3, 10);
INSERT INTO `Register` VALUES (170, 278069, 6665471, 'SAMWEL KOECH', 'N/A', 4, 10);
INSERT INTO `Register` VALUES (171, 278435, 9460217, 'SABINA SEUREI', '254714870977', 6, 10);
INSERT INTO `Register` VALUES (172, 283012, 9868824, 'DAVID TANUI', 'N/A', 1, 10);
INSERT INTO `Register` VALUES (173, 283790, 8479171, 'JULIUS KESSIO', '254722391826', 5, 10);
INSERT INTO `Register` VALUES (174, 284273, 8968762, 'JOHN KIPTUM', '254724628271', 7, 10);
INSERT INTO `Register` VALUES (175, 284274, 7445468, 'BARNABAS KOROS', '254722146147', 7, 10);
INSERT INTO `Register` VALUES (176, 288720, 3267127, 'CLARAH KOECH', '254728431085', 8, 10);
INSERT INTO `Register` VALUES (177, 289800, 5596023, 'GETHRUDE JELAGAT SONGOK', '254727830570', 9, 10);
INSERT INTO `Register` VALUES (178, 290480, 0, 'WESLEY LANDICH', 'Not Provided', 11, 10);
INSERT INTO `Register` VALUES (179, 290512, 9870317, 'SEREM KIPTOO', '254722289367', 5, 10);
INSERT INTO `Register` VALUES (180, 292968, 9886533, 'LINNER KETER', '254707093559', 7, 10);
INSERT INTO `Register` VALUES (181, 296739, 9158087, 'DAVID KIPTOO KEMBOI', '254726476590', 1, 10);
INSERT INTO `Register` VALUES (182, 296748, 0, 'FRANCIS KEMEI', 'Not Provided', 11, 10);
INSERT INTO `Register` VALUES (183, 297013, 8590943, 'NAFTALI KOGO', '254723958396', 6, 10);
INSERT INTO `Register` VALUES (184, 297089, 8969012, 'JOSEPH KIPROP', '254721945133', 8, 10);
INSERT INTO `Register` VALUES (185, 297717, 9991709, 'GEORGINA KOEI', '254727795745', 5, 10);
INSERT INTO `Register` VALUES (186, 299541, 1796962, 'JENNIFER MELLY', '254722366895', 4, 10);
INSERT INTO `Register` VALUES (187, 299957, 9101881, 'SONGOK DAVID', '0', 5, 10);
INSERT INTO `Register` VALUES (188, 301028, 5566943, 'PETER SEREM', '254720419156', 5, 10);
INSERT INTO `Register` VALUES (189, 301889, 7111448, 'JAPHETH MUTAI', '254700639915', 2, 10);
INSERT INTO `Register` VALUES (190, 301890, 9101104, 'JUXMCQUINYX KOECH', '254734672997', 1, 10);
INSERT INTO `Register` VALUES (191, 301972, 3246770, 'JOHANA MARITIM', '254712075474', 9, 10);
INSERT INTO `Register` VALUES (192, 302000, 5592891, 'ESTHER J SITIENEI', '254723283572', 7, 10);
INSERT INTO `Register` VALUES (193, 306122, 6586435, 'JOSHUA KIBET BALOZ', '254720638474', 8, 10);
INSERT INTO `Register` VALUES (194, 309496, 9159853, 'EMILY CHIRCHIR', '254725585051', 5, 10);
INSERT INTO `Register` VALUES (195, 309505, 5567382, 'JAMES TARUS', '254727044097', 5, 10);
INSERT INTO `Register` VALUES (196, 309573, 9868184, 'EZEKIEL BIWWOTT', '254728043466', 3, 10);
INSERT INTO `Register` VALUES (197, 309583, 9871628, 'MATIRIM KIPLIMO', '254717670678', 3, 10);
INSERT INTO `Register` VALUES (198, 309600, 6665739, 'JOSHUA SANGA', '254724466889', 6, 10);
INSERT INTO `Register` VALUES (199, 310734, 9990585, 'KILAGAT ISAAC', '254723502629', 6, 10);
INSERT INTO `Register` VALUES (200, 310737, 9601040, 'FRANCIS YEGO', '254721339603', 6, 10);
INSERT INTO `Register` VALUES (201, 312437, 0, 'WILLIAM KOSGEI', 'Not Provided', 11, 10);
INSERT INTO `Register` VALUES (202, 314609, 7352472, 'PHILIP TOGOM', '254718533999', 7, 10);
INSERT INTO `Register` VALUES (203, 315141, 9101155, 'DAVID CHEPKWONY', '254720409126', 6, 10);
INSERT INTO `Register` VALUES (204, 316514, 9101290, 'CHEPKWONY JOSEPH', '0', 7, 10);
INSERT INTO `Register` VALUES (205, 316663, 9991464, 'JOHN NGENY', '0', 8, 10);
INSERT INTO `Register` VALUES (206, 317029, 4007775, 'GEORGE ROTICH', '254724638687', 1, 10);
INSERT INTO `Register` VALUES (207, 317740, 9871946, 'ALEX KOECH', '254727824670', 1, 10);
INSERT INTO `Register` VALUES (208, 318098, 8713368, 'GABRIEL BOR', '254710980130', 3, 10);
INSERT INTO `Register` VALUES (209, 318100, 8968425, 'SOLOMON BIWOT', '254720719946', 7, 10);
INSERT INTO `Register` VALUES (210, 318102, 8591472, 'JOSPHAT CHEMAI', '254720541754', 5, 10);
INSERT INTO `Register` VALUES (211, 318341, 0, 'METHUSELA SANGA', 'Not Provided', 11, 10);
INSERT INTO `Register` VALUES (212, 318342, 9101342, 'JOSHUA CHUMO', '254724743792', 7, 10);
INSERT INTO `Register` VALUES (213, 319085, 0, 'ELIZABETH BIRGEN', 'Not Provided', 11, 10);
INSERT INTO `Register` VALUES (214, 319197, 8591078, 'LEZEBER BITOK', '254725406561', 1, 10);
INSERT INTO `Register` VALUES (215, 319204, 9101232, 'GEORGE ROBB', '254726606094', 1, 10);
INSERT INTO `Register` VALUES (216, 319209, 4001287, 'MARY CHELIMO', '254723407742', 8, 10);
INSERT INTO `Register` VALUES (217, 319216, 9869890, 'EUNICE ROP', '254725554982', 7, 10);
INSERT INTO `Register` VALUES (218, 319363, 9870961, 'ELIZABETH BETT', '254727550308', 1, 10);
INSERT INTO `Register` VALUES (219, 319565, 9869044, 'PROTUS MUGE', '254705256709', 6, 10);
INSERT INTO `Register` VALUES (220, 319567, 9870336, 'HENRY MAIYO', '254723733692', 7, 10);
INSERT INTO `Register` VALUES (221, 320032, 0, 'HENRY OGETO', 'Not Provided', 11, 10);
INSERT INTO `Register` VALUES (222, 321057, 9990426, 'JOHNSON KIRWA', '254727856783', 2, 10);
INSERT INTO `Register` VALUES (223, 321058, 9158865, 'Francis Too', '254728653964', 4, 10);
INSERT INTO `Register` VALUES (224, 321446, 8969677, 'SILAS KABIY', '254721885855', 1, 10);
INSERT INTO `Register` VALUES (225, 326191, 10540606, 'DANIEL RUTTO', '0', 2, 10);
INSERT INTO `Register` VALUES (226, 326684, 26850661, 'BENJAMIN KEMBOI', '0', 5, 10);
INSERT INTO `Register` VALUES (227, 328803, 5571303, 'SERONEY BARNABA', '254712292681', 8, 10);
INSERT INTO `Register` VALUES (228, 329194, 9159833, 'Anne J Sang', '254713052085', 4, 10);
INSERT INTO `Register` VALUES (229, 329201, 10540504, 'LULY DAVID', '254726936326', 9, 10);
INSERT INTO `Register` VALUES (230, 329202, 10540425, 'KENNETH BIRGEN', '254720807575', 4, 10);
INSERT INTO `Register` VALUES (231, 330445, 9603635, 'SAMMY SEREM', '0', 9, 10);
INSERT INTO `Register` VALUES (232, 330873, 10540872, 'JUDAH SAINA', '254724945473', 2, 10);
INSERT INTO `Register` VALUES (233, 331056, 0, 'EDWIN RONO', 'Not Provided', 11, 10);
INSERT INTO `Register` VALUES (234, 331335, 10220008, 'ELIZABA BUTIA', '254722589227', 4, 10);
INSERT INTO `Register` VALUES (235, 331434, 9159370, 'FLOMENA CHOGE', '254710279253', 8, 10);
INSERT INTO `Register` VALUES (236, 332127, 0, 'RICHARD KIRONG', 'Not Provided', 11, 10);
INSERT INTO `Register` VALUES (237, 337922, 10445662, 'PAULINE CHEPKOECH', '254726263237', 9, 10);
INSERT INTO `Register` VALUES (238, 339105, 9991751, 'JEMELI LEAH', '254727805726', 1, 10);
INSERT INTO `Register` VALUES (239, 339113, 0, 'LINUS KEMBOI', 'Not Provided', 11, 10);
INSERT INTO `Register` VALUES (240, 339126, 9871535, 'ALPHONXE MILIMO', '254725002800', 1, 10);
INSERT INTO `Register` VALUES (241, 340521, 11024297, 'ELIAKIM CHEPTOCH', '254729607723', 5, 10);
INSERT INTO `Register` VALUES (242, 340798, 5583207, 'SAMMY CHERUIYOT', '0', 8, 10);
INSERT INTO `Register` VALUES (243, 341454, 10540498, 'BENJAMIN KEINO', '254711613895', 1, 10);
INSERT INTO `Register` VALUES (244, 341906, 10541130, 'CHUMBA KIPTANUI', '254721744834', 1, 10);
INSERT INTO `Register` VALUES (245, 342876, 9870764, 'KOGEI JULIUS', '0', 2, 10);
INSERT INTO `Register` VALUES (246, 343360, 11166356, 'PARTICK KITUR', '254727264283', 7, 10);
INSERT INTO `Register` VALUES (247, 343571, 4007904, 'JACOB KEMEI', '254724156071', 8, 10);
INSERT INTO `Register` VALUES (248, 343633, 10540890, 'DANIEL BIWOT', '254715059695', 1, 10);
INSERT INTO `Register` VALUES (249, 343641, 11166868, 'HILLARY KIBITOK', '254721928249', 4, 10);
INSERT INTO `Register` VALUES (250, 345668, 0, 'JAMES CHUMBA', 'Not Provided', 11, 10);
INSERT INTO `Register` VALUES (251, 346536, 10445479, 'JOSEPH TUWEI', '254720741848', 3, 10);
INSERT INTO `Register` VALUES (252, 354811, 11604538, 'DAVID LETING', '254726964259', 2, 10);
INSERT INTO `Register` VALUES (253, 355582, 11296032, 'JOSPHINE CHESEREM', '254716395064', 1, 10);
INSERT INTO `Register` VALUES (254, 360136, 11506872, 'JOHN BOR', '254713083863', 3, 10);
INSERT INTO `Register` VALUES (255, 360138, 9868322, 'HENRY RONO', '254720748763', 3, 10);
INSERT INTO `Register` VALUES (256, 360143, 10541643, 'CHRISTOPHER ROTICH', '254725847910', 3, 10);
INSERT INTO `Register` VALUES (257, 360364, 9868411, 'Paul K Ruto', '254729924227', 3, 10);
INSERT INTO `Register` VALUES (258, 360488, 11167628, 'ALICE CHELAGAT', '254721103351', 1, 10);
INSERT INTO `Register` VALUES (259, 360489, 11604232, 'GRACE JEPTEPKENY', '254723635273', 3, 10);
INSERT INTO `Register` VALUES (260, 360490, 9990629, 'JOSEPH KOECH', '0', 9, 10);
INSERT INTO `Register` VALUES (261, 360533, 11167055, 'RACHEL CHELANGAT', '254726640768', 2, 10);
INSERT INTO `Register` VALUES (262, 361046, 11604639, 'PRISCAH NGETICH', '254723248112', 3, 10);
INSERT INTO `Register` VALUES (263, 361934, 11604287, 'DAVID NGELELEY', '254729739687', 2, 10);
INSERT INTO `Register` VALUES (264, 362067, 10540676, 'JAMES TOO', '0', 8, 10);
INSERT INTO `Register` VALUES (265, 362331, 11604441, 'SOMEON LANGAT', '254729805966', 3, 10);
INSERT INTO `Register` VALUES (266, 365329, 9600925, 'NYAOKE VIPIAN', '254721418538', 4, 10);
INSERT INTO `Register` VALUES (267, 365410, 11166644, 'STEPHEN KARAN', '254720837731', 3, 10);
INSERT INTO `Register` VALUES (268, 365411, 11604573, 'DAVID KOECH', '254720462018', 3, 10);
INSERT INTO `Register` VALUES (269, 365521, 11506159, 'METHUSELA ROP', '254722583275', 6, 10);
INSERT INTO `Register` VALUES (270, 365526, 11604263, 'ESTHER JERUBET', '254711696546', 7, 10);
INSERT INTO `Register` VALUES (271, 366073, 13441112, 'MARCELY KOECH', '254720927963', 8, 10);
INSERT INTO `Register` VALUES (272, 366422, 11604652, 'EMILY KEBEN', '254729698307', 6, 10);
INSERT INTO `Register` VALUES (273, 366893, 13363237, 'HENRY LETTING', '254726350151', 6, 10);
INSERT INTO `Register` VALUES (274, 366896, 11778421, 'AMBROSE KIPKEMBOI', '254724401043', 5, 10);
INSERT INTO `Register` VALUES (275, 366906, 9101831, 'PHILIP KORIR', '254724520690', 1, 10);
INSERT INTO `Register` VALUES (276, 366912, 9602567, 'MOSES CHERUIYOT', '254724420693', 9, 10);
INSERT INTO `Register` VALUES (277, 367098, 12973023, 'ABRAHAM MAIYO', '254724273692', 9, 10);
INSERT INTO `Register` VALUES (278, 367128, 11167407, 'MARK NGETICH', '254718594820', 9, 10);
INSERT INTO `Register` VALUES (279, 367130, 13363286, 'Kogo Eluid Kipkemboi', '254723217692', 6, 10);
INSERT INTO `Register` VALUES (280, 367136, 11024913, 'PARTRICK CHEPKWONY', '254729726565', 5, 10);
INSERT INTO `Register` VALUES (281, 367758, 9603507, 'JOSEPH CHEPKWONY', '254724608160', 5, 10);
INSERT INTO `Register` VALUES (282, 367765, 8590552, 'RICHARD CHEPKWONY', '0', 3, 10);
INSERT INTO `Register` VALUES (283, 367769, 13362930, 'DAVID KEMBOI', '254705789951', 9, 10);
INSERT INTO `Register` VALUES (284, 367770, 11780112, 'SAMMY SAWE', '254710584352', 6, 10);
INSERT INTO `Register` VALUES (285, 367774, 11779453, 'JULIA JEPTUM', '254723876800', 5, 10);
INSERT INTO `Register` VALUES (286, 367776, 11604956, 'KIBET LUKE', '254725654162', 5, 10);
INSERT INTO `Register` VALUES (287, 367781, 11024354, 'ANTONY MAIYO', '254714041271', 5, 10);
INSERT INTO `Register` VALUES (288, 367782, 11297917, 'DOUGLAS KIPTUM', '254724761237', 3, 10);
INSERT INTO `Register` VALUES (289, 368182, 11506031, 'DAVID BIWOT', '254720706816', 3, 10);
INSERT INTO `Register` VALUES (290, 368940, 13306053, 'ISACK ROTICH', '254720706743', 3, 10);
INSERT INTO `Register` VALUES (291, 368944, 11297172, 'JOSEPH BII', '254726621201', 3, 10);
INSERT INTO `Register` VALUES (292, 368945, 9869744, 'RONO KIPKOSGEI', '254724229792', 6, 10);
INSERT INTO `Register` VALUES (293, 369055, 9871309, 'DAVID KENY', '254716652939', 3, 10);
INSERT INTO `Register` VALUES (294, 369287, 7162846, 'JOSEPH TOO', '254721462737', 3, 10);
INSERT INTO `Register` VALUES (295, 369289, 12470852, 'JULIUS SONGOEI', '254723843906', 3, 10);
INSERT INTO `Register` VALUES (296, 369298, 13305430, 'JOEL KITUR', '254723901716', 6, 10);
INSERT INTO `Register` VALUES (297, 369299, 13014386, 'MOSES SANG', '254721154634', 3, 10);
INSERT INTO `Register` VALUES (298, 369302, 12468854, 'EZEKIEL BETT', '254723711661', 3, 10);
INSERT INTO `Register` VALUES (299, 369582, 13293311, 'THOMAS KOSGEI', '254711553946', 7, 10);
INSERT INTO `Register` VALUES (300, 369586, 13363306, 'KENNEDY CHERUIYOT TANUI', '254725629660', 9, 10);
INSERT INTO `Register` VALUES (301, 370088, 0, 'SAMSON NYANGO', 'Not Provided', 11, 10);
INSERT INTO `Register` VALUES (302, 370456, 11604388, 'JOHN ROTICH', '254720462049', 3, 10);
INSERT INTO `Register` VALUES (303, 370461, 12469542, 'RICHARD YEGON', '0', 5, 10);
INSERT INTO `Register` VALUES (304, 370939, 11167286, 'EMILY JEBOTIB', '254726861214', 9, 10);
INSERT INTO `Register` VALUES (305, 370944, 11605162, 'JAMES MUREY', '254721313126', 5, 10);
INSERT INTO `Register` VALUES (306, 370947, 11297476, 'JOSEPH RONO', '254725962471', 3, 10);
INSERT INTO `Register` VALUES (307, 370950, 11296162, 'THOMAS TARUS', '254700272626', 2, 10);
INSERT INTO `Register` VALUES (308, 379070, 12737623, 'PASCAL SIROREI', '0', 9, 10);
INSERT INTO `Register` VALUES (309, 379076, 0, 'PAUL KOSGEI', 'Not Provided', 11, 10);
INSERT INTO `Register` VALUES (310, 379095, 11779868, 'EMMANUEL KOECH', '254711360326', 5, 10);
INSERT INTO `Register` VALUES (311, 379098, 0, 'ROSE BOMETT', 'Not Provided', 11, 10);
INSERT INTO `Register` VALUES (312, 379161, 13362058, 'CHRISTINE KETER', '254725620774', 8, 10);
INSERT INTO `Register` VALUES (313, 379573, 13807999, 'BEARTICE LIMO', '254716432383', 1, 10);
INSERT INTO `Register` VALUES (314, 379578, 14509261, 'PIUS KIPRONO', '0', 5, 10);
INSERT INTO `Register` VALUES (315, 381336, 13363433, 'URSULAH CHIRCHIR', '254712931806', 7, 10);
INSERT INTO `Register` VALUES (316, 381337, 12736487, 'ELIZABETH MUIGEI', '254728969917', 6, 10);
INSERT INTO `Register` VALUES (317, 381340, 14509175, 'JOSEPH BETT', '254720864908', 9, 10);
INSERT INTO `Register` VALUES (318, 381762, 13807971, 'Nelly NGISIREI', '254717033938', 1, 10);
INSERT INTO `Register` VALUES (319, 382388, 11778945, 'MARK LAGAT', '254704312284', 5, 10);
INSERT INTO `Register` VALUES (320, 382391, 13364509, 'ROP ELPHAS', '254722935621', 6, 10);
INSERT INTO `Register` VALUES (321, 382404, 12470980, 'TANUI JACKSON', '2540710294372', 5, 10);
INSERT INTO `Register` VALUES (322, 382408, 13365785, 'CHARLES TOO', '254720706829', 8, 10);
INSERT INTO `Register` VALUES (323, 383152, 13365792, 'JOSEPH SONGOK', '254724459888', 1, 10);
INSERT INTO `Register` VALUES (324, 383566, 11604496, 'DAVID K MAIYO', '254707969169', 7, 10);
INSERT INTO `Register` VALUES (325, 383570, 0, 'ROSE TARUS', 'Not Provided', 11, 10);
INSERT INTO `Register` VALUES (326, 383579, 13293335, 'JOSEPH BUGUT', '0', 2, 10);
INSERT INTO `Register` VALUES (327, 384001, 0, 'PHILEMON LAGAT', 'Not Provided', 11, 10);
INSERT INTO `Register` VALUES (328, 384020, 8969766, 'URSILAH SUGUT', '254710406743', 1, 10);
INSERT INTO `Register` VALUES (329, 384931, 0, 'LYDIA TANUI', 'Not Provided', 11, 10);
INSERT INTO `Register` VALUES (330, 384942, 13305160, 'ELIJAH LIMO', '254725552467', 5, 10);
INSERT INTO `Register` VALUES (331, 384944, 11604539, 'PAUL BETT', '254729656687', 5, 10);
INSERT INTO `Register` VALUES (332, 385552, 0, 'BARNABA ROP', 'Not Provided', 11, 10);
INSERT INTO `Register` VALUES (333, 385654, 13808911, 'JEPTOO CHERUIYOT', '254726547647', 3, 10);
INSERT INTO `Register` VALUES (334, 385658, 0, 'JULIUS SIMATWO', 'Not Provided', 11, 10);
INSERT INTO `Register` VALUES (335, 385660, 12470491, 'BIAMA CHRISTOPHER ', '254724018029', 5, 10);
INSERT INTO `Register` VALUES (336, 385661, 11780150, 'GEORGE KOSGEI', '254724309586', 6, 10);
INSERT INTO `Register` VALUES (337, 386445, 11779405, 'DAVID KOECH', '254723460946', 8, 10);
INSERT INTO `Register` VALUES (338, 386447, 13017144, 'BENJAMIN MAGUT', '254721888110', 4, 10);
INSERT INTO `Register` VALUES (339, 386454, 13692174, 'Leah C LANGAT', '254723966554', 1, 10);
INSERT INTO `Register` VALUES (340, 393848, 12469605, 'JAMES NGETICH', '254720470527', 5, 10);
INSERT INTO `Register` VALUES (341, 397363, 12736154, 'JOAN JEMELI', '254719567074', 3, 10);
INSERT INTO `Register` VALUES (342, 398463, 4004188, 'NELLY KOSGEI', '254723310143', 1, 10);
INSERT INTO `Register` VALUES (343, 405764, 9991325, 'BIRAFFA BINTI ALI', '254720798572', 2, 10);
INSERT INTO `Register` VALUES (344, 405825, 14508070, 'EDITHA MBERIA', '254727586798', 7, 10);
INSERT INTO `Register` VALUES (345, 406374, 10540538, 'LINUS KETER', '254721821202', 9, 10);
INSERT INTO `Register` VALUES (346, 406388, 10541913, 'WILSON TOO', '254728847556', 2, 10);
INSERT INTO `Register` VALUES (347, 406401, 13363819, 'HEZEKIA CHEMAI', '254722636210', 7, 10);
INSERT INTO `Register` VALUES (348, 408041, 14509312, 'CHERUTO ISABELA', '254726710586', 2, 10);
INSERT INTO `Register` VALUES (349, 408208, 20952395, 'ROBERT MAGUT', '254710946591', 3, 10);
INSERT INTO `Register` VALUES (350, 410141, 14692805, 'JANE JEPCHIRCHIR', '254721868934', 9, 10);
INSERT INTO `Register` VALUES (351, 410207, 9871577, 'PAUL SONGOK', '254725973458', 2, 10);
INSERT INTO `Register` VALUES (352, 410217, 13305594, 'PHILIP MIBEI', '254720706818', 6, 10);
INSERT INTO `Register` VALUES (353, 410271, 14724473, 'CHRISTOPHER SAINA', '254723437856', 2, 10);
INSERT INTO `Register` VALUES (354, 410304, 12744782, 'JOEL SITIENEI', '254725438606', 6, 10);
INSERT INTO `Register` VALUES (355, 411010, 11778994, 'BARNABA KITUR', '0', 7, 10);
INSERT INTO `Register` VALUES (356, 411018, 13062587, 'KIPTOO PHILEMON', '254725555984', 2, 10);
INSERT INTO `Register` VALUES (357, 411076, 12470687, 'KIPRUGUT STEPHENE', '254720792003', 3, 10);
INSERT INTO `Register` VALUES (358, 415404, 10540542, 'CLEOPHAS KOSGEI', '254723352926', 9, 10);
INSERT INTO `Register` VALUES (359, 417776, 13365806, 'JOSEPH KIRWA', '0', 1, 10);
INSERT INTO `Register` VALUES (360, 418827, 21170915, 'NGENO GRACE', '254721908782', 3, 10);
INSERT INTO `Register` VALUES (361, 422132, 12736461, 'ROP PAUL', '254721365657', 3, 10);
INSERT INTO `Register` VALUES (362, 440710, 21738436, 'BENSON LIMO', '254720837780', 2, 10);
INSERT INTO `Register` VALUES (363, 446184, 21710151, 'JOHN GOIN', '254720364966', 2, 10);
INSERT INTO `Register` VALUES (364, 343350, 10541491, 'ANNE RONO', '254725660336', 1, 10);
INSERT INTO `Register` VALUES (365, 289690, 5586755, 'ALEX YATOR', '254725447752', 1, 10);
INSERT INTO `Register` VALUES (366, 318967, 9871752, 'JOSPAT KURGAT', '254723152694', 6, 10);
INSERT INTO `Register` VALUES (367, 385672, 0, 'MARY KILI', 'Not Provided', 11, 10);
INSERT INTO `Register` VALUES (368, 155063, 4719826, 'ROSE JEMUTAI SIAMBA', '254718620813', 4, 10);
INSERT INTO `Register` VALUES (369, 217260, 5277502, 'BETTY YEGO', '254727735754', 8, 10);
INSERT INTO `Register` VALUES (370, 264412, 0, 'ROSE KETER', 'Not Provided', 11, 10);
INSERT INTO `Register` VALUES (371, 217272, 123456, 'MOSES TUWEI', '0708189178', 9, 10);
INSERT INTO `Register` VALUES (372, 151149, 3265520, 'MATHEW TEMUGE', '0790162886', 8, 10);
INSERT INTO `Register` VALUES (373, 320337, 9871860, 'STEPHEN RONO', '0729047222', 8, 10);
INSERT INTO `Register` VALUES (374, 217252, 5587369, 'JOEL KIRWA', '0724672766', 8, 10);
INSERT INTO `Register` VALUES (375, 346938, 10541053, 'CHERUIYOT KIPKEMBOI', '0723933176', 8, 10);
INSERT INTO `Register` VALUES (376, 249699, 5571609, 'JULIUS TARUS', '0729067623', 1, 10);
INSERT INTO `Register` VALUES (377, 246573, 7444055, 'SAMMY BOR', '0729014441', 1, 10);
INSERT INTO `Register` VALUES (378, 254389, 8968544, 'FABIANO TOO', '0725325190', 1, 10);
INSERT INTO `Register` VALUES (379, 381759, 13016851, 'SOLOMON TUWEI', '0710492769', 6, 10);
INSERT INTO `Register` VALUES (380, 190495, 455533, 'Musoma James Akhaya', '254727402323', 1, 10);
INSERT INTO `Register` VALUES (381, 343352, 9601297, 'JANE RONO', '0710352240', 8, 10);
INSERT INTO `Register` VALUES (382, 287710, 8591442, 'JOSEPH KOROS', '254710498386', 8, 10);
INSERT INTO `Register` VALUES (383, 449841, 21069811, 'JAPHET SUM', '0724364518', 8, 10);
INSERT INTO `Register` VALUES (384, 254333, 5613341, 'MUSA BIRGEN', '0703919065', 9, 10);
INSERT INTO `Register` VALUES (385, 368942, 11506907, 'ISAAC KIRUI', '0720668763', 3, 10);
INSERT INTO `Register` VALUES (386, 477455, 22469465, 'MERCY JEPKORIR', '0729494255', 4, 10);
INSERT INTO `Register` VALUES (387, 176612, 27074066, 'PETER KIRWA', '0714488045', 6, 10);
INSERT INTO `Register` VALUES (388, 289692, 6846647, 'ANDREW BITOK', '0726741492', 4, 10);
INSERT INTO `Register` VALUES (389, 445499, 20040063, 'SAMWEL MOIBEN', '0720821780', 1, 10);
INSERT INTO `Register` VALUES (390, 242634, 5603209, 'JANE KEMBOI', '0720548718', 4, 10);
INSERT INTO `Register` VALUES (391, 382392, 13016696, 'MARK MAIY', '0721822711', 9, 10);
INSERT INTO `Register` VALUES (392, 267444, 7111332, 'HARON MUHALIA', '0724667977', 1, 10);
INSERT INTO `Register` VALUES (393, 254087, 8587149, 'LAWRENCE KORIR', '0724877197', 4, 10);
INSERT INTO `Register` VALUES (394, 217232, 3284487, 'JOHN SHIVAJI', '0721316753', 1, 10);
INSERT INTO `Register` VALUES (395, 226780, 3261440, 'JOHN ROTICH', '254725277243', 3, 10);
INSERT INTO `Register` VALUES (396, 249715, 5610246, 'ELISHA BIWOT', '0790093345', 9, 10);
INSERT INTO `Register` VALUES (397, 285368, 5593822, 'JOSEPH SILEI', '0700277134', 8, 10);
INSERT INTO `Register` VALUES (398, 217378, 4007443, 'REUBEN TARUS', '254729452056', 8, 10);
INSERT INTO `Register` VALUES (399, 403302, 8590146, 'PAUL KOSGEI', '254710223346', 2, 10);
INSERT INTO `Register` VALUES (400, 202506, 5606143, 'GIDEON TUWEI', '0724249269', 1, 10);
INSERT INTO `Register` VALUES (401, 367138, 11605789, 'HARON CHEMWOR', '254721255079', 5, 10);
INSERT INTO `Register` VALUES (402, 379575, 12468449, 'RICHARD LAGAT', '0710681961', 1, 10);
INSERT INTO `Register` VALUES (403, 237241, 7445942, 'SYMON KICHWEN', '0727550365', 8, 10);
INSERT INTO `Register` VALUES (404, 360146, 9871219, 'FIDELIS SAINA', '0717420309', 1, 10);
INSERT INTO `Register` VALUES (405, 227072, 5613666, 'Kadaji Member', '254701233579', 1, 10);
INSERT INTO `Register` VALUES (406, 237290, 5589875, 'NELLY BIRGEN', '0727591979', 8, 10);
INSERT INTO `Register` VALUES (407, 338669, 10540216, 'DAVID RUGUT', '0722584744', 4, 10);
INSERT INTO `Register` VALUES (408, 368952, 13365771, 'FRANSIS TOO', '0703689899', 4, 10);
INSERT INTO `Register` VALUES (409, 242597, 5567663, 'ANNE NGENY', '254724403042', 5, 10);
INSERT INTO `Register` VALUES (410, 267605, 3257328, 'MARK ROP', '0728171499', 6, 10);
INSERT INTO `Register` VALUES (411, 221291, 1730535, 'FRANCIS LILOPA', '0725107105', 1, 10);
INSERT INTO `Register` VALUES (412, 309561, 8591699, 'TECLA MELI', '0725224457', 2, 10);
INSERT INTO `Register` VALUES (413, 422134, 20091209, 'JOHN RONO', '0722445496', 3, 10);
INSERT INTO `Register` VALUES (414, 383995, 10220535, 'SILAS SONGOK', '254723417855', 5, 10);
INSERT INTO `Register` VALUES (415, 406266, 13808013, 'MARTHA BIRGEN', '0724459953', 9, 10);
INSERT INTO `Register` VALUES (416, 269350, 5582676, 'EMILY TUWEI', '254716217148', 9, 10);
INSERT INTO `Register` VALUES (417, 386057, 13305584, 'ISAAC KOGO', '254720536317', 6, 10);
INSERT INTO `Register` VALUES (418, 381764, 10540571, 'CHRISTOPHER KIPTOO', '0718422541', 6, 10);
INSERT INTO `Register` VALUES (419, 99655, 771275, 'WINFRED LANGAT', '0718644370', 2, 50);
INSERT INTO `Register` VALUES (420, 188256, 246182, 'SAMMY LANGAT', '0726042226', 8, 10);
INSERT INTO `Register` VALUES (421, 343582, 10540659, 'NEREU KERICH', '0720576445', 1, 10);
INSERT INTO `Register` VALUES (422, 379583, 13362705, 'PAUL BWAMBOK', '254726214732', 2, 10);
INSERT INTO `Register` VALUES (423, 344309, 10220501, 'PIUS KOECH', '0722911061', 2, 10);
INSERT INTO `Register` VALUES (424, 369293, 10541250, 'MARUIS ROTICH', '0712550509', 5, 10);
INSERT INTO `Register` VALUES (425, 229706, 3290193, 'JOSEPH BIWOT', '0726958674', 7, 10);
INSERT INTO `Register` VALUES (426, 417236, 14692840, 'MARY MAGUT', '0726759723', 5, 10);
INSERT INTO `Register` VALUES (427, 386071, 11024736, 'JOYCE JELAGAT', '0723438300', 9, 10);
INSERT INTO `Register` VALUES (428, 379172, 13808330, 'JOSEPH KIPLAGAT', '254723769555', 7, 10);
INSERT INTO `Register` VALUES (429, 290477, 5613838, 'PHILIP MOSO', '0727561916', 9, 10);
INSERT INTO `Register` VALUES (430, 269067, 8731558, 'ANNE KOECH', '254717571799', 7, 10);
INSERT INTO `Register` VALUES (431, 383149, 13365227, 'HILLARY MARITIM', '0721683084', 9, 10);
INSERT INTO `Register` VALUES (432, 361644, 11730607, 'JOAN SONGIO', '0723445229', 1, 10);
INSERT INTO `Register` VALUES (434, 406309, 14724269, 'COSMAS CHERUIYOT', '254724695669', 9, 10);
INSERT INTO `Register` VALUES (435, 365894, 6664592, 'BENEDETA KIPLAGAT', '0721730030', 9, 10);
INSERT INTO `Register` VALUES (436, 203494, 4007388, 'MOSES NGENY', '254712140177', 8, 10);
INSERT INTO `Register` VALUES (437, 319570, 27396013, 'SALLY ROTICH', '254720615957', 4, 10);
INSERT INTO `Register` VALUES (438, 301805, 8591474, 'DIVINA RUTO', '254722580736', 4, 10);
INSERT INTO `Register` VALUES (439, 379069, 12737928, 'LINUS CHEMWOR', '254726484718', 1, 10);
INSERT INTO `Register` VALUES (440, 151167, 1251171, 'Cheruiyot Joel', '254722343908', 4, 10);
INSERT INTO `Register` VALUES (441, 379145, 11604554, 'EMMANUEL TENAI', '254729319441', 7, 10);
INSERT INTO `Register` VALUES (442, 343583, 11166697, 'CLARA JEPKETER', '254720823288', 1, 10);
INSERT INTO `Register` VALUES (443, 332732, 10747759, 'RUTH KEMBOI', '254714579423', 1, 10);
INSERT INTO `Register` VALUES (444, 319190, 6664318, 'IRENE SITIENEI', '254723137609', 1, 10);
INSERT INTO `Register` VALUES (445, 360149, 11605559, 'Paul K Sanga', '254721474246', 1, 10);
INSERT INTO `Register` VALUES (446, 399613, 21136053, 'JOSEPH NGOCHOI', '254727916797', 3, 10);
INSERT INTO `Register` VALUES (447, 339107, 11167726, 'NGELECHEI SAMWEL', '254716145985', 3, 10);
INSERT INTO `Register` VALUES (448, 242612, 8969669, 'HESBON NALE', '254723956504', 3, 10);
INSERT INTO `Register` VALUES (449, 238023, 4005204, 'PHILIP MOBO', '254726603751', 3, 10);
INSERT INTO `Register` VALUES (450, 242660, 5583208, 'JOHN TARUS', '254704162898', 6, 10);
INSERT INTO `Register` VALUES (451, 381763, 10540968, 'RONOH KIPKOECH', '254725938650', 9, 10);
INSERT INTO `Register` VALUES (452, 410276, 14724552, 'Yego Evans', '254720558470', 2, 10);
INSERT INTO `Register` VALUES (453, 340797, 7444488, 'SILAS KIPCHUMBA CHERUIYOT', '0', 9, 10);
INSERT INTO `Register` VALUES (454, 277125, 8723108, 'ROSE CHEMSTO', '254725807317', 9, 10);
INSERT INTO `Register` VALUES (455, 329199, 10445236, 'SIRMA SOSPETER', '254721618257', 4, 10);
INSERT INTO `Register` VALUES (456, 257105, 3268810, 'JOSIAH KOECH', '254721377551', 8, 10);
INSERT INTO `Register` VALUES (457, 189664, 448260, 'Phillip K MAGUT', '254728355009', 4, 10);
INSERT INTO `Register` VALUES (458, 338671, 3263346, 'JANE TANUI', '254729240001', 4, 10);
INSERT INTO `Register` VALUES (462, 155634, 9876543, 'JULIUS SERSER', 'Not Provided', 1, 10);
INSERT INTO `Register` VALUES (463, 177198, 0, 'ELIZABETH KOECH', 'Not Provided', 11, 10);
INSERT INTO `Register` VALUES (464, 180227, 0, 'JULIUS RONO', 'Not Provided', 11, 10);
INSERT INTO `Register` VALUES (465, 189593, 189593, 'PHILIP SANG', '189593', 11, 10);
INSERT INTO `Register` VALUES (466, 189596, 0, 'BETTY SITIENEI', 'Not Provided', 11, 10);
INSERT INTO `Register` VALUES (467, 189656, 0, 'SALLY JEMESUNDE', 'Not Provided', 11, 10);
INSERT INTO `Register` VALUES (468, 202337, 0, 'DIVINA TOO', 'Not Provided', 11, 10);
INSERT INTO `Register` VALUES (469, 217213, 0, 'JAMES MURWON', 'Not Provided', 11, 10);
INSERT INTO `Register` VALUES (470, 217290, 0, 'JANE KORIR', 'Not Provided', 11, 10);
INSERT INTO `Register` VALUES (471, 217384, 0, 'LEAH MARITIM', 'Not Provided', 11, 10);
INSERT INTO `Register` VALUES (472, 225182, 0, 'PHILIP KEMBOI', 'Not Provided', 11, 10);
INSERT INTO `Register` VALUES (473, 227058, 0, 'ALFRED SAWE', 'Not Provided', 11, 10);
INSERT INTO `Register` VALUES (474, 229705, 0, 'ISAAC KUTTO', 'Not Provided', 11, 10);
INSERT INTO `Register` VALUES (475, 234536, 0, 'EVANS ALUDAH LUGINDI', 'Not Provided', 11, 10);
INSERT INTO `Register` VALUES (476, 237278, 0, 'LEAH BUNDOTICH', 'Not Provided', 11, 10);
INSERT INTO `Register` VALUES (477, 237343, 0, 'JOSEPH MAGUT', 'Not Provided', 11, 10);
INSERT INTO `Register` VALUES (478, 251979, 0, 'VICTOR MAGUT', 'Not Provided', 11, 10);
INSERT INTO `Register` VALUES (479, 253281, 0, 'REUBEN KEMBOI', 'Not Provided', 11, 10);
INSERT INTO `Register` VALUES (480, 257074, 0, 'WILLIAM SONGOK', 'Not Provided', 11, 10);
INSERT INTO `Register` VALUES (481, 257753, 0, 'JAMES MELI', 'Not Provided', 11, 10);
INSERT INTO `Register` VALUES (482, 257956, 0, 'JOHN KOECH', 'Not Provided', 11, 10);
INSERT INTO `Register` VALUES (483, 271130, 0, 'PAUL SANG', 'Not Provided', 11, 10);
INSERT INTO `Register` VALUES (484, 278068, 0, 'DAVID KOECH', 'Not Provided', 11, 10);
INSERT INTO `Register` VALUES (485, 283738, 0, 'DAVID RONO', 'Not Provided', 11, 10);
INSERT INTO `Register` VALUES (486, 284962, 0, 'VICTOR KOEI', 'Not Provided', 11, 10);
INSERT INTO `Register` VALUES (487, 287127, 0, 'EMILY SIROR', 'Not Provided', 11, 10);
INSERT INTO `Register` VALUES (488, 289790, 0, 'CONSOLATA TOO', 'Not Provided', 11, 10);
INSERT INTO `Register` VALUES (489, 289792, 0, 'MILCAH CHERUIYOT', 'Not Provided', 11, 10);
INSERT INTO `Register` VALUES (490, 290487, 0, 'ABIGAEL MUHONJA', 'Not Provided', 11, 10);
INSERT INTO `Register` VALUES (491, 299544, 0, 'DOMINIC MUHINDI', 'Not Provided', 11, 10);
INSERT INTO `Register` VALUES (492, 301027, 0, 'CLEMENT TIONGING', 'Not Provided', 11, 10);
INSERT INTO `Register` VALUES (493, 302200, 0, 'ESTHER SITIENEI', 'Not Provided', 11, 10);
INSERT INTO `Register` VALUES (494, 309544, 0, 'WILLIAM KOSGEI', 'Not Provided', 11, 10);
INSERT INTO `Register` VALUES (495, 310749, 0, 'HELLEN SIROREI', 'Not Provided', 11, 10);
INSERT INTO `Register` VALUES (496, 319205, 0, 'WILLIAM KEMEI', 'Not Provided', 11, 10);
INSERT INTO `Register` VALUES (497, 319560, 0, 'DAVID NGATAT', 'Not Provided', 11, 10);
INSERT INTO `Register` VALUES (498, 321457, 0, 'FLORA SIARI MIHIGA', 'Not Provided', 11, 10);
INSERT INTO `Register` VALUES (499, 321459, 0, 'GINESHES BIRECH', 'Not Provided', 11, 10);
INSERT INTO `Register` VALUES (500, 322653, 0, 'PHILIP MAIYO', 'Not Provided', 11, 10);
INSERT INTO `Register` VALUES (501, 325712, 0, 'ANIKAYI HEZRON', 'Not Provided', 11, 10);
INSERT INTO `Register` VALUES (502, 338660, 0, 'DAVID KETTER', 'Not Provided', 11, 10);
INSERT INTO `Register` VALUES (503, 339114, 0, 'JOSHUO TOO', 'Not Provided', 11, 10);
INSERT INTO `Register` VALUES (504, 341902, 0, 'GRACE JEBET', 'Not Provided', 11, 10);
INSERT INTO `Register` VALUES (505, 343565, 0, 'AMOS KEMBOI', 'Not Provided', 11, 10);
INSERT INTO `Register` VALUES (506, 343640, 0, 'EZEKIEL SIMATWO', 'Not Provided', 11, 10);
INSERT INTO `Register` VALUES (507, 345672, 0, 'GERALAD KEMBOI', 'Not Provided', 11, 10);
INSERT INTO `Register` VALUES (508, 354545, 0, 'FELISTER SHITESHE', 'Not Provided', 11, 10);
INSERT INTO `Register` VALUES (509, 355005, 0, 'IRENE CHUMO', 'Not Provided', 11, 10);
INSERT INTO `Register` VALUES (510, 355456, 0, 'JOSIAH LETING', 'Not Provided', 11, 10);
INSERT INTO `Register` VALUES (511, 360210, 0, 'JANE CHEMUTAI', 'Not Provided', 11, 10);
INSERT INTO `Register` VALUES (512, 361037, 0, 'MARY CHEMUMBERE', 'Not Provided', 11, 10);
INSERT INTO `Register` VALUES (513, 362069, 0, 'RUTH JELIMO', 'Not Provided', 11, 10);
INSERT INTO `Register` VALUES (514, 367132, 0, 'DAVID MELI', 'Not Provided', 11, 10);
INSERT INTO `Register` VALUES (515, 367723, 0, 'PHILOMENA SIMATWO', 'Not Provided', 11, 10);
INSERT INTO `Register` VALUES (516, 370105, 0, 'SAMMY TERER', 'Not Provided', 11, 10);
INSERT INTO `Register` VALUES (517, 379079, 0, 'ESTHER CHEPKORIR', 'Not Provided', 11, 10);
INSERT INTO `Register` VALUES (518, 379085, 0, 'ELLY BITOK', 'Not Provided', 11, 10);
INSERT INTO `Register` VALUES (519, 383552, 0, 'BARNABAS ROP', 'Not Provided', 11, 10);
INSERT INTO `Register` VALUES (520, 383581, 0, 'MICHAEL KEMBOI', 'Not Provided', 11, 10);
INSERT INTO `Register` VALUES (521, 384015, 0, 'EVERLN JEPCHUMBA', 'Not Provided', 11, 10);
INSERT INTO `Register` VALUES (522, 397019, 0, 'JANE TANUI', 'Not Provided', 11, 10);
INSERT INTO `Register` VALUES (523, 406392, 0, 'NORMAN MUTAI', 'Not Provided', 11, 10);
INSERT INTO `Register` VALUES (524, 406476, 0, 'PETER SANG', 'Not Provided', 11, 10);
INSERT INTO `Register` VALUES (525, 407318, 0, 'RICHARD MALEL', 'Not Provided', 11, 10);
INSERT INTO `Register` VALUES (526, 408796, 0, 'PHILIP MELI', 'Not Provided', 11, 10);
INSERT INTO `Register` VALUES (527, 410162, 0, 'BRIGID SANG', 'Not Provided', 11, 10);
INSERT INTO `Register` VALUES (528, 410206, 0, 'PHILIP RONO', 'Not Provided', 11, 10);
INSERT INTO `Register` VALUES (529, 410314, 0, 'DANIEL NYANGO', 'Not Provided', 11, 10);
INSERT INTO `Register` VALUES (530, 422138, 0, 'SELLY JEPTOO', 'Not Provided', 11, 10);
INSERT INTO `Register` VALUES (531, 422155, 0, 'ELIUD MUTAI', 'Not Provided', 11, 10);
INSERT INTO `Register` VALUES (532, 425210, 0, 'RUGUT', 'Not Provided', 11, 10);
INSERT INTO `Register` VALUES (533, 439054, 0, 'STANLEY MUKALANI', 'Not Provided', 11, 10);
INSERT INTO `Register` VALUES (534, 455292, 0, 'EVANS RONO', 'Not Provided', 11, 10);
INSERT INTO `Register` VALUES (535, 455314, 0, 'JOSEPH KIPKEMBOI', 'Not Provided', 11, 10);
INSERT INTO `Register` VALUES (536, 472289, 0, 'PRISCAH TOO', 'Not Provided', 11, 10);
INSERT INTO `Register` VALUES (537, 496215, 0, 'CELESTINE JEPCHUMBA', 'Not Provided', 11, 10);
INSERT INTO `Register` VALUES (538, 541043, 0, 'WESLY ROTICH', 'Not Provided', 11, 10);
INSERT INTO `Register` VALUES (539, 564260, 12354325, 'RITAH KITUR', '07362965334', 1, 10);
INSERT INTO `Register` VALUES (540, NULL, 0, 'RONALD CHILAN', 'Not Provided', NULL, 10);
INSERT INTO `Register` VALUES (542, 308673, 5276255, 'PETER KIBET CHEPKWONY', '0723365461', 5, 10);
INSERT INTO `Register` VALUES (543, 197208, 3289853, 'PHILIP MATUI', '254729973001', 5, 10);
INSERT INTO `Register` VALUES (544, 427005, 21797478, 'CLARAH JERONO', '254713749242', 7, 10);
INSERT INTO `Register` VALUES (546, 242614, 0, 'SIMEON SANG', '0', 4, 10);
INSERT INTO `Register` VALUES (547, 237250, 4005828, 'SALLY TENAI', '0726832541', 2, 10);
INSERT INTO `Register` VALUES (548, 332653, 5276607, 'PHILIP MAIYO', '254710783520', 4, 10);
INSERT INTO `Register` VALUES (549, 512384, 0, 'CELESTINE CHEPKOECH', '0', 2, 10);
INSERT INTO `Register` VALUES (550, 301970, 0, 'MICAH KIPTUM', '0', 12, 10);
INSERT INTO `Register` VALUES (551, 440708, 0, 'DAVID MURGOR', '0', 7, 10);
INSERT INTO `Register` VALUES (552, 246266, 0, 'SAMWEL RUTO', '0', 2, 10);
INSERT INTO `Register` VALUES (553, 331059, 0, 'EMILY TANUI', '0', 4, 10);
INSERT INTO `Register` VALUES (554, 249710, 0, 'CELESTINE JEPNGETICH', '0', 1, 10);
INSERT INTO `Register` VALUES (555, 236271, 0, 'NAHAMAN METTO', '0', 7, 10);
INSERT INTO `Register` VALUES (556, 422137, 10540588, 'PHILEMON CHIRCHIR', '0729019763', 1, 10);
INSERT INTO `Register` VALUES (557, 309599, 0, 'JOHN KOSGEI', '0', 6, 10);
INSERT INTO `Register` VALUES (558, 455451, 0, 'KIPCHICHIR KETER', '0', 6, 10);
INSERT INTO `Register` VALUES (559, 242659, 0, 'JOYCE BETT', '0', 6, 10);
INSERT INTO `Register` VALUES (560, 270611, 0, 'LENAH BOIT', '0', 1, 10);
INSERT INTO `Register` VALUES (561, 272156, 5276048, 'DANIEL CHERUIYOT', '0', 11, 10);
INSERT INTO `Register` VALUES (562, 262559, 8716404, 'LENA BITTOK', '0', 9, 10);
INSERT INTO `Register` VALUES (563, 287792, 7705461, 'JOHN TANUI', '0', 9, 10);
INSERT INTO `Register` VALUES (564, 202880, 0, 'PRISCA CHUMO', '0', 9, 10);
INSERT INTO `Register` VALUES (565, 361047, 0, 'JOSPHAT CHERUIYOT', 'Not Provided', 1, 10);
INSERT INTO `Register` VALUES (566, 165150, 0, 'ELIJAH SIELE', 'Not Provided', 11, 10);
INSERT INTO `Register` VALUES (567, 381335, 0, 'HELLEN SEREM', '0', 7, 10);
INSERT INTO `Register` VALUES (568, 406475, 0, 'PETER KOECH', '0', 2, 10);
INSERT INTO `Register` VALUES (569, 319566, 0, 'DAVID NGATAT', '0', 2, 10);
INSERT INTO `Register` VALUES (570, 380778, 3291470, 'JOSPHAT KORIR', '0', 6, 10);

-- ----------------------------
-- Table structure for School
-- ----------------------------
DROP TABLE IF EXISTS `School`;
CREATE TABLE `School`  (
  `ID` int(11) NOT NULL AUTO_INCREMENT,
  `Name` varchar(255) CHARACTER SET latin1 COLLATE latin1_swedish_ci NULL DEFAULT NULL,
  `Tsc_No` int(11) NULL DEFAULT NULL,
  PRIMARY KEY (`ID`) USING BTREE,
  UNIQUE INDEX `School_ibfk_1`(`Tsc_No`) USING BTREE,
  CONSTRAINT `School_ibfk_1` FOREIGN KEY (`Tsc_No`) REFERENCES `Register` (`TSC_No`) ON DELETE CASCADE ON UPDATE CASCADE
) ENGINE = InnoDB AUTO_INCREMENT = 571 CHARACTER SET = latin1 COLLATE = latin1_swedish_ci ROW_FORMAT = Dynamic;

-- ----------------------------
-- Records of School
-- ----------------------------
INSERT INTO `School` VALUES (2, 'KOISEGEM PR.', 126090);
INSERT INTO `School` VALUES (3, 'CHEPKAKWEN PR.', 129673);
INSERT INTO `School` VALUES (4, 'KETENG', 132993);
INSERT INTO `School` VALUES (5, 'MATAMBACH PR.', 138561);
INSERT INTO `School` VALUES (6, 'SDA KIMOLWET PR.', 138583);
INSERT INTO `School` VALUES (7, 'ST. JOSEPH KAMASIA', 139688);
INSERT INTO `School` VALUES (8, 'KUNURTER', 145984);
INSERT INTO `School` VALUES (9, 'BISHOP BIRECH PR.', 149808);
INSERT INTO `School` VALUES (10, 'CHEPSOGOR', 150015);
INSERT INTO `School` VALUES (11, 'ST. PETERS KAPKEBEN', 150212);
INSERT INTO `School` VALUES (12, 'CHEPKEBUGE', 150978);
INSERT INTO `School` VALUES (13, 'ST. MARYS KABISAGA', 151157);
INSERT INTO `School` VALUES (14, 'NANDI PR.', 151163);
INSERT INTO `School` VALUES (15, 'BARASENDU', 151171);
INSERT INTO `School` VALUES (16, 'CHEPKUMIA PR. SCHL', 153484);
INSERT INTO `School` VALUES (17, 'EMIT', 154505);
INSERT INTO `School` VALUES (18, 'AIC KAIGAT PR.', 155558);
INSERT INTO `School` VALUES (19, 'CHEPKOBER PR.', 155630);
INSERT INTO `School` VALUES (20, 'KAPCHEPSIR', 155662);
INSERT INTO `School` VALUES (21, 'KOYO PR.', 157986);
INSERT INTO `School` VALUES (22, 'KAPTAKUGUNYO', 160265);
INSERT INTO `School` VALUES (23, 'TAITO ', 160323);
INSERT INTO `School` VALUES (24, 'KIPKARREN T/SHIP', 160376);
INSERT INTO `School` VALUES (25, 'MURGUIYWO PR.', 161254);
INSERT INTO `School` VALUES (26, 'AIC KAPCHEMOIYWO', 161268);
INSERT INTO `School` VALUES (27, 'KIBABET ', 165274);
INSERT INTO `School` VALUES (28, 'KOGAMEI PR.', 165479);
INSERT INTO `School` VALUES (29, 'SACHANGWAN PR.', 166271);
INSERT INTO `School` VALUES (30, 'NDURURO', 170880);
INSERT INTO `School` VALUES (31, 'SIMBI', 170914);
INSERT INTO `School` VALUES (32, 'BIREI SDA', 173335);
INSERT INTO `School` VALUES (33, 'KIPCHABO', 173338);
INSERT INTO `School` VALUES (34, 'SARU GAA PR.', 173390);
INSERT INTO `School` VALUES (35, 'SIGOWET PR.', 175821);
INSERT INTO `School` VALUES (36, 'KAPTEBEE PR.', 176093);
INSERT INTO `School` VALUES (37, 'OGIRGIR', 176095);
INSERT INTO `School` VALUES (38, 'KABOROGIN PR.', 176415);
INSERT INTO `School` VALUES (39, 'KAPCHEPKOK', 176447);
INSERT INTO `School` VALUES (40, 'NDAPTABWA PR.', 177206);
INSERT INTO `School` VALUES (41, 'KIPKOROR', 179202);
INSERT INTO `School` VALUES (42, 'KAPKURES', 180205);
INSERT INTO `School` VALUES (43, 'KAMANYINYA PR.', 180219);
INSERT INTO `School` VALUES (44, 'ARWOS', 180226);
INSERT INTO `School` VALUES (45, 'TELDET PR.', 180466);
INSERT INTO `School` VALUES (46, 'KABOGWA', 181233);
INSERT INTO `School` VALUES (47, 'KAPKO PR.', 182541);
INSERT INTO `School` VALUES (48, 'MORONGIOT', 183370);
INSERT INTO `School` VALUES (49, 'TULON PR.', 183652);
INSERT INTO `School` VALUES (50, 'CHERONDO', 188679);
INSERT INTO `School` VALUES (51, 'KETAM PR.', 189358);
INSERT INTO `School` VALUES (52, 'KAPKOBIS PR.', 197059);
INSERT INTO `School` VALUES (53, 'TUIGOIN PR.', 197126);
INSERT INTO `School` VALUES (54, 'ITIGO PR.', 197135);
INSERT INTO `School` VALUES (55, 'IBANJA PR.', 197154);
INSERT INTO `School` VALUES (56, 'FR. TOROR PR.', 197168);
INSERT INTO `School` VALUES (57, 'KIBWARENG', 201797);
INSERT INTO `School` VALUES (58, 'KABIYEMIT PR.', 202089);
INSERT INTO `School` VALUES (59, 'SAVANI PR.', 202339);
INSERT INTO `School` VALUES (60, 'KOROMO PR.', 202340);
INSERT INTO `School` VALUES (61, 'KAPTENDON', 202398);
INSERT INTO `School` VALUES (62, 'KAPSOSIO', 202735);
INSERT INTO `School` VALUES (63, 'MUTWOT PR.', 210426);
INSERT INTO `School` VALUES (64, 'ST. PATRICKS CHEMNOET', 210599);
INSERT INTO `School` VALUES (65, 'KAMELIL', 211050);
INSERT INTO `School` VALUES (66, 'BUREBDE', 211277);
INSERT INTO `School` VALUES (67, 'SERENGONIK', 211486);
INSERT INTO `School` VALUES (68, 'KAPSISIYWA', 211488);
INSERT INTO `School` VALUES (69, 'KAPKOIMUR ', 211492);
INSERT INTO `School` VALUES (70, 'IBENG', 211916);
INSERT INTO `School` VALUES (71, 'CHEPKUNYUNK', 211937);
INSERT INTO `School` VALUES (72, 'SAMITUI', 212422);
INSERT INTO `School` VALUES (73, 'KAPKITONY', 212507);
INSERT INTO `School` VALUES (74, 'KIMGERU', 212616);
INSERT INTO `School` VALUES (75, 'MESWO PR.', 212658);
INSERT INTO `School` VALUES (76, 'CHRIST THE KING', 217172);
INSERT INTO `School` VALUES (77, 'KITAOR', 217214);
INSERT INTO `School` VALUES (78, 'KEMELOI PR.', 217217);
INSERT INTO `School` VALUES (79, 'BISHOP MUGE', 217224);
INSERT INTO `School` VALUES (80, 'ATEPWA PR.', 217264);
INSERT INTO `School` VALUES (81, 'CHEPTURER', 217265);
INSERT INTO `School` VALUES (82, 'KUGERONIOT PR.', 217276);
INSERT INTO `School` VALUES (83, 'KOILOT SEC.', 217300);
INSERT INTO `School` VALUES (84, 'SOCHOI', 217313);
INSERT INTO `School` VALUES (85, 'UNKNOWN', 217343);
INSERT INTO `School` VALUES (86, 'CHEMALEL', 217370);
INSERT INTO `School` VALUES (87, 'KAPKITUI PR.', 217398);
INSERT INTO `School` VALUES (88, 'ST. THOMAS KAIBOI PR.', 217404);
INSERT INTO `School` VALUES (89, 'TERESIA PR.', 218558);
INSERT INTO `School` VALUES (90, 'KABIRER PR.', 223780);
INSERT INTO `School` VALUES (91, 'KEBULONIK MIDLANDS ', 225008);
INSERT INTO `School` VALUES (92, 'KIBIGOBE PR.', 225180);
INSERT INTO `School` VALUES (93, 'KIMWANI', 225183);
INSERT INTO `School` VALUES (94, 'CHEPTILIL PR. ', 227047);
INSERT INTO `School` VALUES (95, 'KAPKANGANI PRI', 227071);
INSERT INTO `School` VALUES (96, 'CHOIMIM', 229663);
INSERT INTO `School` VALUES (97, 'AINAPNGETUNY PR.', 230320);
INSERT INTO `School` VALUES (98, 'MATEMA', 404686);
INSERT INTO `School` VALUES (99, 'KAPKURUGE', 230630);
INSERT INTO `School` VALUES (100, 'ST. MARY S SUGUT PR.', 230967);
INSERT INTO `School` VALUES (101, 'KAPTEL BOYS HIGH SCHL', 232464);
INSERT INTO `School` VALUES (102, 'BAREKEIYWET PR.', 233520);
INSERT INTO `School` VALUES (103, 'TANGATON', 233701);
INSERT INTO `School` VALUES (104, 'KIPSAMOITE PR. ', 233754);
INSERT INTO `School` VALUES (105, 'KABONGWA PR.', 233765);
INSERT INTO `School` VALUES (106, 'ST. PAULS CHEPKOBER', 234347);
INSERT INTO `School` VALUES (107, 'NGOROIN PR.', 234348);
INSERT INTO `School` VALUES (108, 'ST. PANTELEIMON KENYOR', 234620);
INSERT INTO `School` VALUES (109, 'CHEMURSOI', 234818);
INSERT INTO `School` VALUES (110, 'ST. MARY S SUGUT PR.', 234927);
INSERT INTO `School` VALUES (111, 'KAPTEL PR.', 234935);
INSERT INTO `School` VALUES (112, 'OUR LADY OF PEACE', 236175);
INSERT INTO `School` VALUES (113, 'KEPKEMBUR ', 237270);
INSERT INTO `School` VALUES (114, 'KIROPKET PR.', 237283);
INSERT INTO `School` VALUES (115, 'KAMAGAP PR.', 237286);
INSERT INTO `School` VALUES (116, 'CHEBIRIR', 238234);
INSERT INTO `School` VALUES (117, 'ST. JOHN THE BAPTIST', 240851);
INSERT INTO `School` VALUES (118, 'TALAI', 241568);
INSERT INTO `School` VALUES (119, 'SOIMINING PR.', 241614);
INSERT INTO `School` VALUES (120, 'TAUNET', 242627);
INSERT INTO `School` VALUES (121, 'KABOLEBO', 242643);
INSERT INTO `School` VALUES (122, 'KAPNGANIO PR.', 242645);
INSERT INTO `School` VALUES (123, 'KOSIAGE', 243997);
INSERT INTO `School` VALUES (124, 'KIPSEBWO PR.', 244492);
INSERT INTO `School` VALUES (125, 'KAPTIEN ', 244506);
INSERT INTO `School` VALUES (126, 'LELAIBEI PR.', 245638);
INSERT INTO `School` VALUES (127, 'LELMOKWO PR.', 246149);
INSERT INTO `School` VALUES (128, 'KAPKOI', 246157);
INSERT INTO `School` VALUES (129, 'KAPSILE PR.', 246158);
INSERT INTO `School` VALUES (130, 'KIBOSWA PR.', 246179);
INSERT INTO `School` VALUES (131, 'KAPSOKIO PR.', 246187);
INSERT INTO `School` VALUES (132, 'CHEROBON', 246190);
INSERT INTO `School` VALUES (133, 'KERERI', 246270);
INSERT INTO `School` VALUES (134, 'SENETWO', 246272);
INSERT INTO `School` VALUES (135, 'KIPCHUNU PR.', 246902);
INSERT INTO `School` VALUES (136, 'EISERO PR.', 247413);
INSERT INTO `School` VALUES (137, 'LAMAIYWO', 248722);
INSERT INTO `School` VALUES (138, 'KIPSIORORI PR.', 248916);
INSERT INTO `School` VALUES (139, 'KEBULONIK PR.', 248979);
INSERT INTO `School` VALUES (140, 'KEBURO PR.', 249212);
INSERT INTO `School` VALUES (141, 'AIC CHEPKETEI PR.', 249637);
INSERT INTO `School` VALUES (142, 'BISHOP KOGO CHEPTIL', 249711);
INSERT INTO `School` VALUES (143, 'CHEMARE PR.', 249729);
INSERT INTO `School` VALUES (144, 'ST. BARNABAS ', 250998);
INSERT INTO `School` VALUES (145, 'OL LESSOS MIXED SEC.', 251628);
INSERT INTO `School` VALUES (146, 'SDA KUNGORWET PR.', 251899);
INSERT INTO `School` VALUES (147, 'KOMBE PR', 252056);
INSERT INTO `School` VALUES (148, 'ST. PETERS CHEPKONGONY', 252345);
INSERT INTO `School` VALUES (149, 'KAPSIGILAI', 252790);
INSERT INTO `School` VALUES (150, 'CHEPYEGORIS PR.', 252792);
INSERT INTO `School` VALUES (151, 'NDALAT D.E.B', 254219);
INSERT INTO `School` VALUES (152, 'KIPSUGUR PR.', 256999);
INSERT INTO `School` VALUES (153, 'KOROSIOT PR.', 257014);
INSERT INTO `School` VALUES (154, 'KAPLEMET', 257080);
INSERT INTO `School` VALUES (155, 'KAPSSOEN', 257088);
INSERT INTO `School` VALUES (156, 'KAGARWA SDA PR.', 257120);
INSERT INTO `School` VALUES (157, 'KIPTURE', 257127);
INSERT INTO `School` VALUES (158, 'KIPSAMO', 257777);
INSERT INTO `School` VALUES (159, 'KAPSAOS ', 261359);
INSERT INTO `School` VALUES (160, 'AIC LOLKERINGET PR.', 261369);
INSERT INTO `School` VALUES (161, 'KIPSIELE', 261858);
INSERT INTO `School` VALUES (162, 'KABIRER', 261859);
INSERT INTO `School` VALUES (163, 'CHEPNGETUNY PR.', 261861);
INSERT INTO `School` VALUES (164, 'KECHIRE PR.', 266403);
INSERT INTO `School` VALUES (165, 'KLELBOINET', 266931);
INSERT INTO `School` VALUES (166, 'NGOROMOSIO PR.', 267659);
INSERT INTO `School` VALUES (167, 'ST. MATHEWS SEPTONOK ', 270489);
INSERT INTO `School` VALUES (168, 'NDULELE PR.', 270608);
INSERT INTO `School` VALUES (169, 'MBOGO VALE PR.', 275063);
INSERT INTO `School` VALUES (170, 'ST. JUDE PR. KOKWET ', 278069);
INSERT INTO `School` VALUES (171, 'KIMNGOROR PR.', 278435);
INSERT INTO `School` VALUES (172, 'NGOMWO PR.', 283012);
INSERT INTO `School` VALUES (173, 'CHEMOGONG', 283790);
INSERT INTO `School` VALUES (174, 'TIGITYO', 284273);
INSERT INTO `School` VALUES (175, 'KOKAMEI', 284274);
INSERT INTO `School` VALUES (176, 'ALDAI PR.', 288720);
INSERT INTO `School` VALUES (177, 'ST. PAULS KAPKECHUI PR.', 289800);
INSERT INTO `School` VALUES (178, 'AGC NGENY', 290480);
INSERT INTO `School` VALUES (179, 'KOITABUT', 290512);
INSERT INTO `School` VALUES (180, 'ST JOHNS KIPTAMUK', 292968);
INSERT INTO `School` VALUES (181, 'NGEREK ', 296739);
INSERT INTO `School` VALUES (182, 'KIPTURE SEC.', 296748);
INSERT INTO `School` VALUES (183, 'CHEPTILIL-SUSWO', 297013);
INSERT INTO `School` VALUES (184, 'KESOGON SEC.', 297089);
INSERT INTO `School` VALUES (185, 'KIPSARTUK', 297717);
INSERT INTO `School` VALUES (186, 'SEGUT PR.', 299541);
INSERT INTO `School` VALUES (187, 'CHEPKUNY', 299957);
INSERT INTO `School` VALUES (188, 'NDERIO', 301028);
INSERT INTO `School` VALUES (189, 'CHESUWE PR.', 301889);
INSERT INTO `School` VALUES (190, 'KAPSABET SCH. FOR DEAF', 301890);
INSERT INTO `School` VALUES (191, 'SANGALO TOWNSHIP', 301972);
INSERT INTO `School` VALUES (192, 'KAPNYEBERAI', 302000);
INSERT INTO `School` VALUES (193, 'NDURIO SEC.', 306122);
INSERT INTO `School` VALUES (194, 'PEMJA', 309496);
INSERT INTO `School` VALUES (195, 'MUGEN', 309505);
INSERT INTO `School` VALUES (196, 'KOSABEI', 309573);
INSERT INTO `School` VALUES (197, 'CHEPKECHIR', 309583);
INSERT INTO `School` VALUES (198, 'ST. MARYS SOSIOT', 309600);
INSERT INTO `School` VALUES (199, 'TUKTUK', 310734);
INSERT INTO `School` VALUES (200, 'A.I.C KAPTICH PR.', 310737);
INSERT INTO `School` VALUES (201, 'ENEGO PR.', 312437);
INSERT INTO `School` VALUES (202, 'TULON SEC.', 314609);
INSERT INTO `School` VALUES (203, 'AIC KIMONG SEC.', 315141);
INSERT INTO `School` VALUES (204, 'LUTIET PR.', 316514);
INSERT INTO `School` VALUES (205, 'KAPKOLEI PR.', 316663);
INSERT INTO `School` VALUES (206, 'KAPKIBIMBIR', 317029);
INSERT INTO `School` VALUES (207, 'MOSOBECHO', 317740);
INSERT INTO `School` VALUES (208, 'KABIRER', 318098);
INSERT INTO `School` VALUES (209, 'NGOMWO PR.', 318100);
INSERT INTO `School` VALUES (210, 'HCO CHEBUGUNDI PR.', 318102);
INSERT INTO `School` VALUES (211, 'AIC KOSIRAI GIRLS ', 318341);
INSERT INTO `School` VALUES (212, 'CHEPTUINGENY', 318342);
INSERT INTO `School` VALUES (213, 'KIMINDA PR.', 319085);
INSERT INTO `School` VALUES (214, 'ST. EMMANUEL', 319197);
INSERT INTO `School` VALUES (215, 'KAMOBO PR.', 319204);
INSERT INTO `School` VALUES (216, 'KIMOLWO PR.', 319209);
INSERT INTO `School` VALUES (217, 'KAPLAMAI', 319216);
INSERT INTO `School` VALUES (218, 'MASABA PR.', 319363);
INSERT INTO `School` VALUES (219, 'CHEPTERWAI ', 319565);
INSERT INTO `School` VALUES (220, 'NUKIAT', 319567);
INSERT INTO `School` VALUES (221, 'KAMURGUIYWA', 320032);
INSERT INTO `School` VALUES (222, 'KIPKOROM PR.', 321057);
INSERT INTO `School` VALUES (223, 'CHEPTARIT PR.', 321058);
INSERT INTO `School` VALUES (224, 'CHEPSUI', 321446);
INSERT INTO `School` VALUES (225, 'KABOSWA PR.', 326191);
INSERT INTO `School` VALUES (226, 'KAPKEMICH', 326684);
INSERT INTO `School` VALUES (227, 'KAMOTONY PR.', 328803);
INSERT INTO `School` VALUES (228, 'KAMONJIL PR.', 329194);
INSERT INTO `School` VALUES (229, 'KAPKAGARON PR.', 329201);
INSERT INTO `School` VALUES (230, 'KARLEL PR.', 329202);
INSERT INTO `School` VALUES (231, 'PENTANGON ACADEMY', 330445);
INSERT INTO `School` VALUES (232, 'KOISAGAT PR.', 330873);
INSERT INTO `School` VALUES (233, 'OLBUTENET', 331056);
INSERT INTO `School` VALUES (234, 'NDONYONGARIA PR.', 331335);
INSERT INTO `School` VALUES (235, 'KIPCHAWAT PR.', 331434);
INSERT INTO `School` VALUES (236, 'CHEPSAITA PR.', 332127);
INSERT INTO `School` VALUES (237, 'CHEPYEWEI PR.', 337922);
INSERT INTO `School` VALUES (238, 'AIC KAPKOIBAI PR.', 339105);
INSERT INTO `School` VALUES (239, 'SEGEMIK PR.', 339113);
INSERT INTO `School` VALUES (240, 'KAPKITARA PR.', 339126);
INSERT INTO `School` VALUES (241, 'KAIMOSI SPECIAL SCHOOL', 340521);
INSERT INTO `School` VALUES (242, 'KIPKEGENDA', 340798);
INSERT INTO `School` VALUES (243, 'KIPSIRWO PR.', 341454);
INSERT INTO `School` VALUES (244, 'MOGOIYWO PR.', 341906);
INSERT INTO `School` VALUES (245, 'KAMKONG', 342876);
INSERT INTO `School` VALUES (246, 'OLLESSOS PR.', 343360);
INSERT INTO `School` VALUES (247, 'MUNGUDOI PR.', 343571);
INSERT INTO `School` VALUES (248, 'SANIAK PR.', 343633);
INSERT INTO `School` VALUES (249, 'P.A.G JERUSALEM', 343641);
INSERT INTO `School` VALUES (250, 'KABIRER', 345668);
INSERT INTO `School` VALUES (251, 'METEITEI', 346536);
INSERT INTO `School` VALUES (252, 'MOKONG', 354811);
INSERT INTO `School` VALUES (253, 'KIPSIGAK PR.', 355582);
INSERT INTO `School` VALUES (254, 'KAPKLOLON', 360136);
INSERT INTO `School` VALUES (255, 'KIMUGUL', 360138);
INSERT INTO `School` VALUES (256, 'CHELAMBUT', 360143);
INSERT INTO `School` VALUES (257, 'KAPRURET', 360364);
INSERT INTO `School` VALUES (258, 'ST PHILIPS KAMATRGUI', 360488);
INSERT INTO `School` VALUES (259, 'KOIBEIYO', 360489);
INSERT INTO `School` VALUES (260, 'TABOLWA PR.', 360490);
INSERT INTO `School` VALUES (261, 'KIPKIMBA', 360533);
INSERT INTO `School` VALUES (262, 'KIPTEBES PR.', 361046);
INSERT INTO `School` VALUES (263, 'KABIKWEN', 361934);
INSERT INTO `School` VALUES (264, 'KIPLETITO PR.', 362067);
INSERT INTO `School` VALUES (265, 'KAPTEBONGWO', 362331);
INSERT INTO `School` VALUES (266, 'KIPKONGORWO PR.', 365329);
INSERT INTO `School` VALUES (267, 'ST. BARNABAS PR.', 365410);
INSERT INTO `School` VALUES (268, 'KIBUGAT', 365411);
INSERT INTO `School` VALUES (269, 'KURGUNG T/SHIP', 365521);
INSERT INTO `School` VALUES (270, 'KABIRIRSANG', 365526);
INSERT INTO `School` VALUES (271, 'CHEPKONGONY', 366073);
INSERT INTO `School` VALUES (272, 'AIC SETYOT', 366422);
INSERT INTO `School` VALUES (273, 'CHEPKIEP PR.', 366893);
INSERT INTO `School` VALUES (274, 'MOGOMBEN', 366896);
INSERT INTO `School` VALUES (275, 'AIC KOLONG', 366906);
INSERT INTO `School` VALUES (276, 'SANGALO PR.', 366912);
INSERT INTO `School` VALUES (277, 'CHEPKOIYO PR.', 367098);
INSERT INTO `School` VALUES (278, 'CHEPNGABAI PR.', 367128);
INSERT INTO `School` VALUES (279, 'KAPSABAOT PR.', 367130);
INSERT INTO `School` VALUES (280, 'KIPTARUSWO', 367136);
INSERT INTO `School` VALUES (281, 'KAPTUMEK', 367758);
INSERT INTO `School` VALUES (282, 'KISKUSKONG', 367765);
INSERT INTO `School` VALUES (283, 'RUBET PR.', 367769);
INSERT INTO `School` VALUES (284, 'BISHOP MUGE- MEMORIAL', 367770);
INSERT INTO `School` VALUES (285, 'RESSIO PR.', 367774);
INSERT INTO `School` VALUES (286, 'SAMOGET', 367776);
INSERT INTO `School` VALUES (287, 'MOGOIYWO', 367781);
INSERT INTO `School` VALUES (288, 'ST. MATHEWS MARABA', 367782);
INSERT INTO `School` VALUES (289, 'SOBA RIVER PR.', 368182);
INSERT INTO `School` VALUES (290, 'KAPLELACH', 368940);
INSERT INTO `School` VALUES (291, 'KIPLEGUT', 368944);
INSERT INTO `School` VALUES (292, 'SARORA', 368945);
INSERT INTO `School` VALUES (293, 'SDA LABUIYWO', 369055);
INSERT INTO `School` VALUES (294, 'TINDIRET TEA ', 369287);
INSERT INTO `School` VALUES (295, 'SARWAT ', 369289);
INSERT INTO `School` VALUES (296, 'KAMASAI', 369298);
INSERT INTO `School` VALUES (297, 'KOLELACH PR.', 369299);
INSERT INTO `School` VALUES (298, 'CHERUNGUT', 369302);
INSERT INTO `School` VALUES (299, 'KIPLOLOK PR.', 369582);
INSERT INTO `School` VALUES (300, 'KAIBOI T.T.I', 369586);
INSERT INTO `School` VALUES (301, 'CHEMOBO', 370088);
INSERT INTO `School` VALUES (302, 'SOBA SEC.', 370456);
INSERT INTO `School` VALUES (303, 'KOBUJOI', 370461);
INSERT INTO `School` VALUES (304, 'LELECHWET PR.', 370939);
INSERT INTO `School` VALUES (305, 'CHEPSWERTA', 370944);
INSERT INTO `School` VALUES (306, 'KIMATKEI', 370947);
INSERT INTO `School` VALUES (307, 'IBOI SDA ACADEMY', 370950);
INSERT INTO `School` VALUES (308, 'CHEMNEGO PR.', 379070);
INSERT INTO `School` VALUES (309, 'CHEBINYINY', 379076);
INSERT INTO `School` VALUES (310, 'KIPTIONGIN', 379095);
INSERT INTO `School` VALUES (311, 'TEGEIYAT PR.', 379098);
INSERT INTO `School` VALUES (312, 'KAMARICH PR.', 379161);
INSERT INTO `School` VALUES (313, 'KAPTOROI', 379573);
INSERT INTO `School` VALUES (314, 'LEBELEN PR.', 379578);
INSERT INTO `School` VALUES (315, 'KAPSUMBEIYWO', 381336);
INSERT INTO `School` VALUES (316, 'LABORET', 381337);
INSERT INTO `School` VALUES (317, 'MOSOP KIMONG', 381340);
INSERT INTO `School` VALUES (318, 'MUGUNYA', 381762);
INSERT INTO `School` VALUES (319, 'KAPTILOL', 382388);
INSERT INTO `School` VALUES (320, 'KIPKOMBOT PR.', 382391);
INSERT INTO `School` VALUES (321, 'TUNGURURWO', 382404);
INSERT INTO `School` VALUES (322, 'KOYO SEC.', 382408);
INSERT INTO `School` VALUES (323, 'CHEBILAT PR.', 383152);
INSERT INTO `School` VALUES (324, 'NDUROTO', 383566);
INSERT INTO `School` VALUES (325, 'KAPSABET BOYS PR.', 383570);
INSERT INTO `School` VALUES (326, 'KIBWARI', 383579);
INSERT INTO `School` VALUES (327, 'KORMAET PR.', 384001);
INSERT INTO `School` VALUES (328, 'KIPSOTOI', 384020);
INSERT INTO `School` VALUES (329, 'MUSLIM PR.', 384931);
INSERT INTO `School` VALUES (330, 'IBOE', 384942);
INSERT INTO `School` VALUES (331, 'IPA KAIMOSI PR.', 384944);
INSERT INTO `School` VALUES (332, 'NGATITIPKONG', 385552);
INSERT INTO `School` VALUES (333, 'GOT NE LEL', 385654);
INSERT INTO `School` VALUES (334, 'SDA KIPSAMOITE', 385658);
INSERT INTO `School` VALUES (335, 'CHEPSIOCH PR.', 385660);
INSERT INTO `School` VALUES (336, 'KOIBAN ', 385661);
INSERT INTO `School` VALUES (337, 'KABUSON PR.', 386445);
INSERT INTO `School` VALUES (338, 'AIC KABILO PR.', 386447);
INSERT INTO `School` VALUES (339, 'KOSGEI IRIMIS', 386454);
INSERT INTO `School` VALUES (340, 'CHEMASE', 393848);
INSERT INTO `School` VALUES (341, 'KABUTIE PR.', 397363);
INSERT INTO `School` VALUES (342, 'CHEBIL', 398463);
INSERT INTO `School` VALUES (343, 'KIPKEIBON', 405764);
INSERT INTO `School` VALUES (344, 'TERIGE PR.', 405825);
INSERT INTO `School` VALUES (345, 'TIRIN S.D.A PR.', 406374);
INSERT INTO `School` VALUES (346, 'KAPSEAN', 406388);
INSERT INTO `School` VALUES (347, 'KOILOT PR.', 406401);
INSERT INTO `School` VALUES (348, 'KAPSIMATWO PR.', 408041);
INSERT INTO `School` VALUES (349, 'LENGON', 408208);
INSERT INTO `School` VALUES (350, 'CHEPTUIYET PR.', 410141);
INSERT INTO `School` VALUES (351, 'CHESIRIGAN AIC ', 410207);
INSERT INTO `School` VALUES (352, 'AIC SOSIOT ', 410217);
INSERT INTO `School` VALUES (353, 'SIRET ', 410271);
INSERT INTO `School` VALUES (354, 'KAPKOIMUR SEC.', 410304);
INSERT INTO `School` VALUES (355, 'TIRYO PR.', 411010);
INSERT INTO `School` VALUES (356, 'LENGUBEI PR.', 411018);
INSERT INTO `School` VALUES (357, 'SETEK GAA', 411076);
INSERT INTO `School` VALUES (358, 'FRS LELEI & TOROR PR.', 415404);
INSERT INTO `School` VALUES (359, 'KOMBE AIC ACADEMY', 417776);
INSERT INTO `School` VALUES (360, 'AIC TINDIRET', 418827);
INSERT INTO `School` VALUES (361, 'AIC TUIYOBEI', 422132);
INSERT INTO `School` VALUES (362, 'NDUBUSAT PR.', 440710);
INSERT INTO `School` VALUES (363, 'ACK CHEPTINGTING', 446184);
INSERT INTO `School` VALUES (364, 'AMAI', 343350);
INSERT INTO `School` VALUES (365, 'NAMGOI', 289690);
INSERT INTO `School` VALUES (366, 'KIPKARREN PR.', 318967);
INSERT INTO `School` VALUES (367, 'AIC KAMOTONG', 385672);
INSERT INTO `School` VALUES (368, 'NYIGON PRIMARY', 155063);
INSERT INTO `School` VALUES (369, 'NDURIO PR', 217260);
INSERT INTO `School` VALUES (370, 'KAMASIA PR.', 264412);
INSERT INTO `School` VALUES (371, 'KIBIGOBEI SECONDARY', 217272);
INSERT INTO `School` VALUES (372, 'CHEPTILIL', 151149);
INSERT INTO `School` VALUES (373, 'ST PETERS CHEPKONGONY', 320337);
INSERT INTO `School` VALUES (374, 'LEL GOY', 217252);
INSERT INTO `School` VALUES (375, 'CHEBUI', 346938);
INSERT INTO `School` VALUES (376, 'KAMURGUIYWO', 249699);
INSERT INTO `School` VALUES (377, 'KAPKUTO', 246573);
INSERT INTO `School` VALUES (378, 'CHETIGOK', 254389);
INSERT INTO `School` VALUES (379, 'CHESAITA', 381759);
INSERT INTO `School` VALUES (380, 'MWEIN', 190495);
INSERT INTO `School` VALUES (381, 'KAPTUMO', 343352);
INSERT INTO `School` VALUES (382, 'TORETMOI PRIMARY', 287710);
INSERT INTO `School` VALUES (383, 'MURGUIYWA', 449841);
INSERT INTO `School` VALUES (384, 'KALYE SEPTONOK', 254333);
INSERT INTO `School` VALUES (385, 'KIMWOGI PRIMARY', 368942);
INSERT INTO `School` VALUES (386, 'NGECHEK PRIMARY', 477455);
INSERT INTO `School` VALUES (387, 'KIMONG PRIMARY', 176612);
INSERT INTO `School` VALUES (388, 'ST JOSEPH TANGURUWET', 289692);
INSERT INTO `School` VALUES (389, 'MOKWA', 445499);
INSERT INTO `School` VALUES (390, 'FR KUNN ACADEMY CHEPTERIT', 242634);
INSERT INTO `School` VALUES (391, 'CHEPKIEP PRIMARY', 382392);
INSERT INTO `School` VALUES (392, 'KAPKISENGEI', 267444);
INSERT INTO `School` VALUES (393, 'AIC SIRGOI ACADEMY', 254087);
INSERT INTO `School` VALUES (394, 'KAPSAGAWAT PRIMARY', 217232);
INSERT INTO `School` VALUES (395, 'KABIRER', 226780);
INSERT INTO `School` VALUES (396, 'KABISAGA PRIMARY', 249715);
INSERT INTO `School` VALUES (397, 'MOSOMBOR PRIMARY', 285368);
INSERT INTO `School` VALUES (398, 'KIPKUTI PRIMARY', 217378);
INSERT INTO `School` VALUES (399, 'CHEBINYINY', 403302);
INSERT INTO `School` VALUES (400, 'TILALWA', 202506);
INSERT INTO `School` VALUES (401, 'KIPCHORWA', 367138);
INSERT INTO `School` VALUES (402, 'KAKURUNJO PRIMARY', 379575);
INSERT INTO `School` VALUES (403, 'KITAPKOI PRIMARY', 237241);
INSERT INTO `School` VALUES (404, 'KIMINDA PRIMARY', 360146);
INSERT INTO `School` VALUES (405, 'TULOI', 227072);
INSERT INTO `School` VALUES (406, 'KOYO PRIMARY', 237290);
INSERT INTO `School` VALUES (407, 'MALEL PRIMARY', 338669);
INSERT INTO `School` VALUES (408, 'KINGWAL', 368952);
INSERT INTO `School` VALUES (409, 'SEREM PRIMARY', 242597);
INSERT INTO `School` VALUES (410, 'PHILIP BIWOT PRIMARY', 267605);
INSERT INTO `School` VALUES (411, 'SASIMON PRIMARY', 221291);
INSERT INTO `School` VALUES (412, 'KAPSIMATWA PREPARATORY', 309561);
INSERT INTO `School` VALUES (413, 'TAMBUL PRIMARY', 422134);
INSERT INTO `School` VALUES (414, 'KISIGINWAI PRIMARY', 383995);
INSERT INTO `School` VALUES (415, 'SANGALO CENTRAL', 406266);
INSERT INTO `School` VALUES (416, 'SEGEMIK PRIMARY', 269350);
INSERT INTO `School` VALUES (417, 'ST CHRISTINE KOVIA', 386057);
INSERT INTO `School` VALUES (418, 'KAPKAWA PRIMARY', 381764);
INSERT INTO `School` VALUES (419, 'NANDI HILL TOWN SHIP', 99655);
INSERT INTO `School` VALUES (420, 'ENEGO PRIMARY', 188256);
INSERT INTO `School` VALUES (421, 'TANGATON PRIMARY', 343582);
INSERT INTO `School` VALUES (422, 'INDERIT PRIMARY', 379583);
INSERT INTO `School` VALUES (423, 'KOITALE SAMOEI', 344309);
INSERT INTO `School` VALUES (424, 'ORYOK', 369293);
INSERT INTO `School` VALUES (425, 'ST STEPHEN CHEBILAT', 229706);
INSERT INTO `School` VALUES (426, 'BEMJA', 417236);
INSERT INTO `School` VALUES (427, 'NDULELE PRIMARY', 386071);
INSERT INTO `School` VALUES (428, 'SIWO PRIMARY', 379172);
INSERT INTO `School` VALUES (429, 'KEBULONIK SECONDARY', 290477);
INSERT INTO `School` VALUES (430, 'EMDIN PRIMARY', 269067);
INSERT INTO `School` VALUES (431, 'SDA KIMOLWET', 383149);
INSERT INTO `School` VALUES (432, 'KOMBE PRIMARY', 361644);
INSERT INTO `School` VALUES (434, 'LELECHWET SEC', 406309);
INSERT INTO `School` VALUES (435, 'SDA TRIN', 365894);
INSERT INTO `School` VALUES (436, 'MURGUIYWO', 203494);
INSERT INTO `School` VALUES (437, 'CHEPTERIT', 319570);
INSERT INTO `School` VALUES (438, 'KUNURTER', 301805);
INSERT INTO `School` VALUES (439, 'KAMONJIL', 379069);
INSERT INTO `School` VALUES (440, 'EMSOS', 151167);
INSERT INTO `School` VALUES (441, 'CHERIBISI', 379145);
INSERT INTO `School` VALUES (442, 'TANGATON', 343583);
INSERT INTO `School` VALUES (443, 'CHEMARE PRIMARY', 332732);
INSERT INTO `School` VALUES (444, 'KAPKECHUI', 319190);
INSERT INTO `School` VALUES (445, 'KAPKINGINGICH', 360149);
INSERT INTO `School` VALUES (446, 'SOSIOT PRIMARY', 399613);
INSERT INTO `School` VALUES (447, 'KAPKOROS PRIMARY', 339107);
INSERT INTO `School` VALUES (448, 'KIRORO PRIMARY', 242612);
INSERT INTO `School` VALUES (449, 'KIPTIONGIN PRIMARY', 238023);
INSERT INTO `School` VALUES (450, 'SOIMINING PRIMARY', 242660);
INSERT INTO `School` VALUES (451, 'KOISOLIK PRIMARY', 381763);
INSERT INTO `School` VALUES (452, 'ALL SAINTS KEBULONIK', 410276);
INSERT INTO `School` VALUES (453, 'ALL SAINTS KAMOIYWO', 340797);
INSERT INTO `School` VALUES (454, 'ST PETERS BIREI PRIMARY', 277125);
INSERT INTO `School` VALUES (455, 'KIBOSWA PRIMARY', 329199);
INSERT INTO `School` VALUES (456, 'KIPSIORORI PRIMARY', 257105);
INSERT INTO `School` VALUES (457, 'MOGOGET', 189664);
INSERT INTO `School` VALUES (458, 'KOSIRAI PRIMARY', 338671);
INSERT INTO `School` VALUES (462, 'Not Provided', 155634);
INSERT INTO `School` VALUES (463, 'Not Provided', 177198);
INSERT INTO `School` VALUES (464, 'Not Provided', 180227);
INSERT INTO `School` VALUES (465, 'NOT PROVIDED', 189593);
INSERT INTO `School` VALUES (466, 'Not Provided', 189596);
INSERT INTO `School` VALUES (467, 'Not Provided', 189656);
INSERT INTO `School` VALUES (468, 'Not Provided', 202337);
INSERT INTO `School` VALUES (469, 'Not Provided', 217213);
INSERT INTO `School` VALUES (470, 'Not Provided', 217290);
INSERT INTO `School` VALUES (471, 'Not Provided', 217384);
INSERT INTO `School` VALUES (472, 'Not Provided', 225182);
INSERT INTO `School` VALUES (473, 'Not Provided', 227058);
INSERT INTO `School` VALUES (474, 'Not Provided', 229705);
INSERT INTO `School` VALUES (475, 'Not Provided', 234536);
INSERT INTO `School` VALUES (476, 'Not Provided', 237278);
INSERT INTO `School` VALUES (477, 'Not Provided', 237343);
INSERT INTO `School` VALUES (478, 'Not Provided', 251979);
INSERT INTO `School` VALUES (479, 'Not Provided', 253281);
INSERT INTO `School` VALUES (480, 'Not Provided', 257074);
INSERT INTO `School` VALUES (481, 'Not Provided', 257753);
INSERT INTO `School` VALUES (482, 'Not Provided', 257956);
INSERT INTO `School` VALUES (483, 'Not Provided', 271130);
INSERT INTO `School` VALUES (484, 'Not Provided', 278068);
INSERT INTO `School` VALUES (485, 'Not Provided', 283738);
INSERT INTO `School` VALUES (486, 'Not Provided', 284962);
INSERT INTO `School` VALUES (487, 'Not Provided', 287127);
INSERT INTO `School` VALUES (488, 'Not Provided', 289790);
INSERT INTO `School` VALUES (489, 'Not Provided', 289792);
INSERT INTO `School` VALUES (490, 'Not Provided', 290487);
INSERT INTO `School` VALUES (491, 'Not Provided', 299544);
INSERT INTO `School` VALUES (492, 'Not Provided', 301027);
INSERT INTO `School` VALUES (493, 'Not Provided', 302200);
INSERT INTO `School` VALUES (494, 'Not Provided', 309544);
INSERT INTO `School` VALUES (495, 'Not Provided', 310749);
INSERT INTO `School` VALUES (496, 'Not Provided', 319205);
INSERT INTO `School` VALUES (497, 'Not Provided', 319560);
INSERT INTO `School` VALUES (498, 'Not Provided', 321457);
INSERT INTO `School` VALUES (499, 'Not Provided', 321459);
INSERT INTO `School` VALUES (500, 'Not Provided', 322653);
INSERT INTO `School` VALUES (501, 'Not Provided', 325712);
INSERT INTO `School` VALUES (502, 'Not Provided', 338660);
INSERT INTO `School` VALUES (503, 'Not Provided', 339114);
INSERT INTO `School` VALUES (504, 'Not Provided', 341902);
INSERT INTO `School` VALUES (505, 'Not Provided', 343565);
INSERT INTO `School` VALUES (506, 'Not Provided', 343640);
INSERT INTO `School` VALUES (507, 'Not Provided', 345672);
INSERT INTO `School` VALUES (508, 'Not Provided', 354545);
INSERT INTO `School` VALUES (509, 'Not Provided', 355005);
INSERT INTO `School` VALUES (510, 'Not Provided', 355456);
INSERT INTO `School` VALUES (511, 'Not Provided', 360210);
INSERT INTO `School` VALUES (512, 'Not Provided', 361037);
INSERT INTO `School` VALUES (513, 'Not Provided', 362069);
INSERT INTO `School` VALUES (514, 'Not Provided', 367132);
INSERT INTO `School` VALUES (515, 'Not Provided', 367723);
INSERT INTO `School` VALUES (516, 'Not Provided', 370105);
INSERT INTO `School` VALUES (517, 'Not Provided', 379079);
INSERT INTO `School` VALUES (518, 'Not Provided', 379085);
INSERT INTO `School` VALUES (519, 'Not Provided', 383552);
INSERT INTO `School` VALUES (520, 'Not Provided', 383581);
INSERT INTO `School` VALUES (521, 'Not Provided', 384015);
INSERT INTO `School` VALUES (522, 'Not Provided', 397019);
INSERT INTO `School` VALUES (523, 'Not Provided', 406392);
INSERT INTO `School` VALUES (524, 'Not Provided', 406476);
INSERT INTO `School` VALUES (525, 'Not Provided', 407318);
INSERT INTO `School` VALUES (526, 'Not Provided', 408796);
INSERT INTO `School` VALUES (527, 'Not Provided', 410162);
INSERT INTO `School` VALUES (528, 'Not Provided', 410206);
INSERT INTO `School` VALUES (529, 'Not Provided', 410314);
INSERT INTO `School` VALUES (530, 'Not Provided', 422138);
INSERT INTO `School` VALUES (531, 'Not Provided', 422155);
INSERT INTO `School` VALUES (532, 'Not Provided', 425210);
INSERT INTO `School` VALUES (533, 'Not Provided', 439054);
INSERT INTO `School` VALUES (534, 'Not Provided', 455292);
INSERT INTO `School` VALUES (535, 'Not Provided', 455314);
INSERT INTO `School` VALUES (536, 'Not Provided', 472289);
INSERT INTO `School` VALUES (537, 'Not Provided', 496215);
INSERT INTO `School` VALUES (538, 'Not Provided', 541043);
INSERT INTO `School` VALUES (539, 'KAPSABET BOYS PRIMARY', 564260);
INSERT INTO `School` VALUES (540, 'Not Provided', NULL);
INSERT INTO `School` VALUES (542, 'CHEMOBO PRIMARY', 308673);
INSERT INTO `School` VALUES (543, 'KAPKOLE PRIMARY', 197208);
INSERT INTO `School` VALUES (544, 'EMDIN PRIMARY', 427005);
INSERT INTO `School` VALUES (546, 'LELBOI PRIMARY', 242614);
INSERT INTO `School` VALUES (547, 'TAITO PRIMARY', 237250);
INSERT INTO `School` VALUES (548, 'KIPCHUNU PRIMARY', 332653);
INSERT INTO `School` VALUES (549, 'KAMKONG', 512384);
INSERT INTO `School` VALUES (550, 'KAPCHEBUCHEK', 301970);
INSERT INTO `School` VALUES (551, 'KAPSUMBEIYWO', 440708);
INSERT INTO `School` VALUES (552, 'TERESO', 246266);
INSERT INTO `School` VALUES (553, 'AIC MOSORIOT', 331059);
INSERT INTO `School` VALUES (554, 'AIC TEGAT', 249710);
INSERT INTO `School` VALUES (555, 'ST. ROBERT ARWOS', 236271);
INSERT INTO `School` VALUES (556, 'BILELGA PRIMARY', 422137);
INSERT INTO `School` VALUES (557, 'KAPNYELOI', 309599);
INSERT INTO `School` VALUES (558, 'CHEPTONON', 455451);
INSERT INTO `School` VALUES (559, 'KAPNGANO', 242659);
INSERT INTO `School` VALUES (560, 'KIBORGOK PRIMARY', 270611);
INSERT INTO `School` VALUES (561, 'ST ROBERTS HIGH', 272156);
INSERT INTO `School` VALUES (562, 'KAIBOI', 262559);
INSERT INTO `School` VALUES (563, 'KABAA', 287792);
INSERT INTO `School` VALUES (564, 'AIC BARATON', 202880);
INSERT INTO `School` VALUES (565, 'TULOI', 361047);
INSERT INTO `School` VALUES (566, 'NOT PROVIDED', 165150);
INSERT INTO `School` VALUES (567, 'KIPTURE', 381335);
INSERT INTO `School` VALUES (568, 'KIPSAMO', 406475);
INSERT INTO `School` VALUES (569, 'CHERONDO', 319566);
INSERT INTO `School` VALUES (570, 'AIC CHEPLAPKEI', 380778);

-- ----------------------------
-- Table structure for Status_Code
-- ----------------------------
DROP TABLE IF EXISTS `Status_Code`;
CREATE TABLE `Status_Code`  (
  `ID` int(11) NOT NULL AUTO_INCREMENT,
  `Status_Code` int(11) NULL DEFAULT NULL,
  `Status` varchar(255) CHARACTER SET latin1 COLLATE latin1_swedish_ci NULL DEFAULT NULL,
  PRIMARY KEY (`ID`) USING BTREE,
  INDEX `Status_Code`(`Status_Code`) USING BTREE
) ENGINE = InnoDB AUTO_INCREMENT = 6 CHARACTER SET = latin1 COLLATE = latin1_swedish_ci ROW_FORMAT = Dynamic;

-- ----------------------------
-- Records of Status_Code
-- ----------------------------
INSERT INTO `Status_Code` VALUES (1, 10, 'ACTIVE');
INSERT INTO `Status_Code` VALUES (2, 20, 'WITHDRAWN');
INSERT INTO `Status_Code` VALUES (3, 30, 'TRANSFERED');
INSERT INTO `Status_Code` VALUES (4, 40, 'DECEASED');
INSERT INTO `Status_Code` VALUES (5, 50, 'RETIRED');

-- ----------------------------
-- Table structure for SystemUser
-- ----------------------------
DROP TABLE IF EXISTS `SystemUser`;
CREATE TABLE `SystemUser`  (
  `ID` int(11) NOT NULL AUTO_INCREMENT,
  `FirstName` varchar(255) CHARACTER SET latin1 COLLATE latin1_swedish_ci NULL DEFAULT NULL,
  `LastName` varchar(255) CHARACTER SET latin1 COLLATE latin1_swedish_ci NULL DEFAULT NULL,
  `ID_Number` int(11) NULL DEFAULT NULL,
  `Phone` varchar(255) CHARACTER SET latin1 COLLATE latin1_swedish_ci NULL DEFAULT NULL,
  `Username` varchar(255) CHARACTER SET latin1 COLLATE latin1_swedish_ci NULL DEFAULT NULL,
  `Pass` varchar(255) CHARACTER SET latin1 COLLATE latin1_swedish_ci NULL DEFAULT NULL,
  PRIMARY KEY (`ID`) USING BTREE,
  UNIQUE INDEX `ID_Number`(`ID_Number`) USING BTREE,
  UNIQUE INDEX `Username`(`Username`) USING BTREE
) ENGINE = InnoDB AUTO_INCREMENT = 3 CHARACTER SET = latin1 COLLATE = latin1_swedish_ci ROW_FORMAT = Dynamic;

-- ----------------------------
-- Records of SystemUser
-- ----------------------------
INSERT INTO `SystemUser` VALUES (1, 'Dominic', 'Domie', 24778345, '0725435296', 'ADMIN', '21232f297a57a5a743894a0e4a801fc3');
INSERT INTO `SystemUser` VALUES (2, 'Joel', 'Rotich', 24778346, '0725435296', 'Rotich', '81dc9bdb52d04dc20036dbd8313ed055');

-- ----------------------------
-- Table structure for Unmark
-- ----------------------------
DROP TABLE IF EXISTS `Unmark`;
CREATE TABLE `Unmark`  (
  `ID` int(11) NOT NULL AUTO_INCREMENT,
  `Member_No` int(11) NULL DEFAULT NULL,
  PRIMARY KEY (`ID`) USING BTREE,
  INDEX `Member_No`(`Member_No`) USING BTREE,
  CONSTRAINT `Unmark_ibfk_1` FOREIGN KEY (`Member_No`) REFERENCES `Register` (`TSC_No`) ON DELETE RESTRICT ON UPDATE CASCADE
) ENGINE = InnoDB AUTO_INCREMENT = 5 CHARACTER SET = latin1 COLLATE = latin1_swedish_ci ROW_FORMAT = Dynamic;

-- ----------------------------
-- Records of Unmark
-- ----------------------------
INSERT INTO `Unmark` VALUES (2, 302000);
INSERT INTO `Unmark` VALUES (3, 302000);
INSERT INTO `Unmark` VALUES (4, 302000);

SET FOREIGN_KEY_CHECKS = 1;
